zpid,Status Type,Status Text,Time On Zillow,rent,Area,Price Per Sqft,Zestimate,Zestimate Price Per Sqft,Rent Zestimate,Lot Area,Lot Area Unit,Beds,Bathrooms,Address,Street,city,State,Zipcode,latitude,longitude,Broker Name,is zillow owned,Sold Date,Sold Price,fips_code,geo_id
455426632,FOR_RENT,Apartment for rent,,1425.0,1560.0,1.0,,,,,,3.0,2.0,"Hillview Homes LLC, 14298 27m St NW, Alexander, ND 58831",14298 27m St NW #F90FCFAD6,Alexander,ND,58831,47.811954,-103.646324,,False,,,,
455280092,FOR_RENT,Apartment for rent,,900.0,900.0,1.0,,,,,,2.0,1.0,"Point West III, 4231 33rd Ave S, Fargo, ND 58104",4231 33rd Ave S #97F9A89AE,Fargo,ND,58104,46.830204,-96.853645,,False,,,,
452655150,FOR_RENT,Apartment for rent,,925.0,900.0,1.0,,,,,,2.0,1.0,"Prairie Point, 1409 14th Ave E, West Fargo, ND 58078",1409 14th Ave E #EB949902E,West Fargo,ND,58078,46.860405,-96.87687,,False,,,,
455127586,FOR_RENT,Apartment for rent,,1000.0,910.0,1.0,,,,,,2.0,1.0,"Park Manor at Academy Village, 715 13th Ave NE, Devils Lake, ND 58301",715 13th Ave NE #4120949,Devils Lake,ND,58301,48.115356,-98.845985,,False,,,,
453225490,FOR_RENT,Apartment for rent,,1250.0,1000.0,1.0,,,,,,2.0,2.0,"Fox Hills Village Apartments, 2101 4th Ave NE, Watford City, ND 58854",2101 4th Ave NE #06605F742,Watford City,ND,58854,47.80379,-103.24793,,False,,,,
2084915215,FOR_RENT,Apartment for rent,,800.0,900.0,1.0,,,837.0,,,2.0,1.0,"Ninth Circle Apartments, 4242 9th Avenue Cir S APT 25, Fargo, ND 58103",4242 9th Avenue Cir S APT 25,Fargo,ND,58103,46.867756,-96.855515,,False,,,,
452225621,FOR_RENT,Apartment for rent,,1647.0,300.0,5.0,,,,,,,1.0,"Minot, 1009 20th Ave SE, Minot, ND 58701",1009 20th Ave SE #9329,Minot,ND,58701,48.213554,-101.27725,,False,,,,
455309880,FOR_RENT,Apartment for rent,,1195.0,1100.0,1.0,,,,,,2.0,2.0,"Woodstone II, 4389 Calico Dr S, Fargo, ND 58104",4389 Calico Dr S #A612FD4A6,Fargo,ND,58104,46.8394,-96.8577,,False,,,,
448101800,FOR_RENT,Apartment for rent,,1000.0,474.0,2.0,,,,,,1.0,1.0,"The Village at the Crossings, 104 Prospect St SE, Watford City, ND 58854",104 Prospect St SE #C120FAA02,Watford City,ND,58854,47.800453,-103.21239,,False,,,,
453906564,FOR_RENT,Apartment for rent,,900.0,900.0,1.0,,,,,,2.0,1.0,"Pointe West II, 4221 33rd Ave S #307, Fargo, ND 58104",4221 33rd Ave S #307,Fargo,ND,58104,46.830284,-96.85322,,False,,,,
2087189557,FOR_RENT,Apartment for rent,,1810.0,1417.0,1.0,,,1265.0,,,3.0,2.0,"Lumber Exchange, 800 N 3rd St APT 308, Grand Forks, ND 58203",800 N 3rd St APT 308,Grand Forks,ND,58203,47.93172,-97.04068,,False,,,,
455531464,FOR_RENT,Apartment for rent,,1525.0,933.0,2.0,,,,,,1.0,1.0,"Wild Ridge Townhomes, 5402 11th St W, West Fargo, ND 58078",5402 11th St W #4047866,West Fargo,ND,58078,46.80161,-96.92332,,False,,,,
446720622,FOR_RENT,Apartment for rent,,900.0,766.0,1.0,,,,,,1.0,1.0,"Timber Cove Apartments, 1112 SE Elm St, Tioga, ND 58852",1112 SE Elm St #641792943,Tioga,ND,58852,48.404705,-102.9317,,False,,,,
446720399,FOR_RENT,Apartment for rent,,700.0,,,,,,,,2.0,1.0,"Apartments on 7th, 1014 7th St N, Fargo, ND 58102",1014 7th St N #B17BAB346,Fargo,ND,58102,46.887383,-96.78992,,False,,,,
455401227,FOR_RENT,Apartment for rent,,1595.0,1013.0,2.0,,,,,,2.0,2.0,"Epic at The Lights | 3150 | West Fargo, 3150 Sheyenne St #C11B01D04, West Fargo, ND 58078",3150 Sheyenne St #C11B01D04,West Fargo,ND,58078,46.834446,-96.90678,,False,,,,
452699359,FOR_RENT,Apartment for rent,,1240.0,1050.0,1.0,,,,,,2.0,2.0,"Brandt Place Apartments, 4643 36th Ave S, Fargo, ND 58104",4643 36th Ave S #733916CAA,Fargo,ND,58104,46.82637,-96.865326,,False,,,,
443621961,FOR_RENT,Apartment for rent,,1220.0,1250.0,1.0,,,,,,4.0,2.0,"Maybrook, 3219 18th St S #310, Fargo, ND 58104",3219 18th St S #310,Fargo,ND,58104,46.832,-96.81117,,False,,,,
447573776,FOR_RENT,Apartment for rent,,1096.0,,,,,,,,2.0,1.0,"Watford McKenzie Park, 202 Fox Hills Pkwy, Watford City, ND 58854",202 Fox Hills Pkwy #36F0316D6,Watford City,ND,58854,47.80187,-103.23383,,False,,,,
449004497,FOR_RENT,Apartment for rent,,1105.0,1100.0,1.0,,,,,,2.0,2.0,"Country Meadows, 2016 33rd St NW #207, Minot, ND 58703",2016 33rd St NW #207,Minot,ND,58703,48.257446,-101.34136,,False,,,,
454106643,FOR_RENT,Apartment for rent,,1985.0,2069.0,1.0,,,,,,3.0,3.0,"Evelyn Acres Townhomes, 4800 39th Ave S #4822, Fargo, ND 58104",4800 39th Ave S #4822,Fargo,ND,58104,46.8186,-96.867004,,False,,,,
455335659,FOR_RENT,Apartment for rent,,625.0,475.0,1.0,,,,,,,1.0,"Fiddler's Flats, 120 8th St N, Fargo, ND 58102",120 8th St N #42B6E4649,Fargo,ND,58102,46.877953,-96.79306,,False,,,,
453859867,FOR_RENT,Apartment for rent,,1151.0,1075.0,1.0,,,,,,2.0,1.0,"The Gallery Apartments, 615-815 N 39th St #308F, Grand Forks, ND 58203",615-815 N 39th St #308F,Grand Forks,ND,58203,47.92695,-97.08544,,False,,,,
2094404834,FOR_RENT,Apartment for rent,,995.0,,,,,1019.0,,,2.0,2.0,"3801 Crossing St SW, 3801 Crossing St SW APT K, Minot, ND 58701",3801 Crossing St SW APT K,Minot,ND,58701,48.194347,-101.33222,,False,,,,
455297260,FOR_RENT,Apartment for rent,,1315.0,1078.0,1.0,,,,,,2.0,2.0,"Belcastle Apartments, 1830-1834 E Capitol Ave #1830-106, Bismarck, ND 58501",1830-1834 E Capitol Ave #1830-106,Bismarck,ND,58501,46.82903,-100.76295,,False,,,,
453852108,FOR_RENT,Apartment for rent,,1030.0,800.0,1.0,,,,,,1.0,1.0,"North Pointe Apartments, 1920 E Capitol Ave #304, Bismarck, ND 58501",1920 E Capitol Ave #304,Bismarck,ND,58501,46.829823,-100.76143,,False,,,,
2056501281,FOR_RENT,Apartment for rent,,950.0,1000.0,1.0,,,947.0,,,2.0,1.0,"Pointe West V, 4261 33rd Ave S #208, Fargo, ND 58104",4261 33rd Ave S #208,Fargo,ND,58104,46.830284,-96.855286,,False,,,,
441968059,FOR_RENT,Apartment for rent,,790.0,545.0,1.0,,,,,,1.0,1.0,"IOOF Retirement Village, 1107 Walnut St E, Devils Lake, ND 58301",1107 Walnut St E #1B-1BA-545SQFT,Devils Lake,ND,58301,48.108513,-98.84825,,False,,,,
451343484,FOR_RENT,Apartment for rent,,705.0,500.0,1.0,,,,,,1.0,1.0,"Forest Avenue, 510 Forest Ave N #2-006, Fargo, ND 58102",510 Forest Ave N #2-006,Fargo,ND,58102,46.914207,-96.78635,,False,,,,
455447119,FOR_RENT,Apartment for rent,,1725.0,1494.0,1.0,,,,,,2.0,2.0,"Boulder Apartments, LLC, 2606 13th Ave S #109, Grand Forks, ND 58201",2606 13th Ave S #109,Grand Forks,ND,58201,47.909733,-97.06471,,False,,,,
2081473255,FOR_RENT,Apartment for rent,,880.0,895.0,1.0,,,854.0,,,2.0,1.0,"Calgary Apartments, 3310 N 19th St APT 6, Bismarck, ND 58503",3310 N 19th St APT 6,Bismarck,ND,58503,46.843105,-100.7638,,False,,,,
453283772,FOR_RENT,Apartment for rent,,2200.0,1704.0,1.0,,,,,,4.0,3.0,"Stone Creek Apartments, 2100 36th Ave S #309, Grand Forks, ND 58201",2100 36th Ave S #309,Grand Forks,ND,58201,47.886276,-97.057495,,False,,,,
453294064,FOR_RENT,Apartment for rent,,791.0,748.0,1.0,,,,,,1.0,1.0,"Tioga Square, 1102 Elm St NE #208, Tioga, ND 58852",1102 Elm St NE #208,Tioga,ND,58852,48.404583,-102.93181,,False,,,,
455142360,FOR_RENT,Apartment for rent,,1495.0,1176.0,1.0,,,,,,3.0,2.0,"The Boulder Apartments, 2112-2113 Grimsrud Dr #2112-301, Bismarck, ND 58501",2112-2113 Grimsrud Dr #2112-301,Bismarck,ND,58501,46.829674,-100.804756,,False,,,,
451811435,FOR_RENT,Apartment for rent,,1430.0,1144.0,1.0,,,,,,3.0,2.0,"Desoto Estates, 3550 S 17th St #1-205, Grand Forks, ND 58201",3550 S 17th St #1-205,Grand Forks,ND,58201,47.886253,-97.05315,,False,,,,
455345158,FOR_RENT,Apartment for rent,,700.0,,,,,,,,1.0,1.0,"Markham, 615 1st Ave S #45, Grand Forks, ND 58201",615 1st Ave S #45,Grand Forks,ND,58201,47.921066,-97.03447,,False,,,,
454190962,FOR_RENT,Apartment for rent,,995.0,1166.0,1.0,,,,,,2.0,2.0,"The Woods Apartments, 3504 28th Ave S, Fargo, ND 58103",3504 28th Ave S #405897E4F,Fargo,ND,58103,46.83913,-96.83855,,False,,,,
2063013410,FOR_RENT,Apartment for rent,,1885.0,1376.0,1.0,,,1633.0,,,3.0,2.0,"The Gardens Apartments, 1220 55th Ave S #1260-101, Grand Forks, ND 58201",1220 55th Ave S #1260-101,Grand Forks,ND,58201,47.868137,-97.04344,,False,,,,
450413620,FOR_RENT,Apartment for rent,,1055.0,1025.0,1.0,,,,,,2.0,1.0,"Westview Towers, 1858 34th St S #6, Fargo, ND 58103",1858 34th St S #6,Fargo,ND,58103,46.85047,-96.837814,,False,,,,
452985853,FOR_RENT,Apartment for rent,,1210.0,1044.0,1.0,,,,,,2.0,2.0,"Veraway Apartments, 2055 Xavier St, Bismarck, ND 58501",2055 Xavier St #BF2BEC962,Bismarck,ND,58501,46.827984,-100.80529,,False,,,,
2073061416,FOR_RENT,Apartment for rent,,1195.0,973.0,1.0,,,1075.0,,,2.0,2.0,"University Flats Apartments, 851 University Ave #314, Grand Forks, ND 58203",851 University Ave #314,Grand Forks,ND,58203,47.922684,-97.03901,,False,,,,
454235256,FOR_RENT,Apartment for rent,,1005.0,775.0,1.0,,,,,,2.0,1.0,"Rosser Apartments, 2902 E Rosser Ave #1-012, Bismarck, ND 58501",2902 E Rosser Ave #1-012,Bismarck,ND,58501,46.808826,-100.74807,,False,,,,
441842267,FOR_RENT,Apartment for rent,,700.0,550.0,1.0,,,,,,1.0,1.0,"Many Rooms 1210, 1210 N 39th St #8, Grand Forks, ND 58203",1210 N 39th St #8,Grand Forks,ND,58203,47.93048,-97.086296,,False,,,,
450089870,FOR_RENT,Apartment for rent,,830.0,960.0,1.0,,,,,,2.0,1.0,"Kirkwood Manor Apartments, 140 E Indiana Ave #206, Bismarck, ND 58504",140 E Indiana Ave #206,Bismarck,ND,58504,46.800476,-100.79336,,False,,,,
455025630,FOR_RENT,Apartment for rent,,950.0,800.0,1.0,,,,,,2.0,1.0,"City Walk, 2068 Prairie Ave #670-12, Dickinson, ND 58601",2068 Prairie Ave #670-12,Dickinson,ND,58601,46.904655,-102.79492,,False,,,,
455340903,FOR_RENT,Apartment for rent,,1545.0,817.0,2.0,,,,,,2.0,2.0,"The District, 4188 S Washington St #420, Grand Forks, ND 58201",4188 S Washington St #420,Grand Forks,ND,58201,47.880257,-97.04659,,False,,,,
455487132,FOR_RENT,Apartment for rent,,1275.0,974.0,1.0,,,,,,2.0,1.0,"Courtyard at Highpointe, 705 13th Ave N #201, Fargo, ND 58102",705 13th Ave N #201,Fargo,ND,58102,46.893463,-96.789505,,False,,,,
455221820,FOR_RENT,Apartment for rent,,1240.0,985.0,1.0,,,,,,2.0,1.0,"Creekside, 817 Duke Dr #205, Grand Forks, ND 58201",817 Duke Dr #205,Grand Forks,ND,58201,47.915432,-97.07392,,False,,,,
454301648,FOR_RENT,Apartment for rent,,975.0,1102.0,1.0,,,,,,2.0,2.0,"Dakota Point Apartments, 25 7th Ave SW, Stanley, ND 58784",25 7th Ave SW #3FCFD88F7,Stanley,ND,58784,48.31157,-102.39211,,False,,,,
453848942,FOR_RENT,Apartment for rent,,825.0,540.0,2.0,,,,,,1.0,1.0,"Mason, 205 N 2nd St #R-44, Bismarck, ND 58501",205 N 2nd St #R-44,Bismarck,ND,58501,46.806686,-100.78896,,False,,,,
447462803,FOR_RENT,Apartment for rent,,630.0,451.0,1.0,,,,,,,1.0,"Stanford Court, 3544 11th Ave N #3-005, Grand Forks, ND 58203",3544 11th Ave N #3-005,Grand Forks,ND,58203,47.930286,-97.08062,,False,,,,
2053027412,FOR_RENT,Apartment for rent,,695.0,432.0,2.0,,,785.0,,,2.0,1.0,"Devils Lake 1112, 1112 5th Ave SE #20, Devils Lake, ND 58301",1112 5th Ave SE #20,Devils Lake,ND,58301,48.098763,-98.8586,,False,,,,
453568690,FOR_RENT,Apartment for rent,,995.0,775.0,1.0,,,,,,2.0,1.0,"Eastbrook Apartments, 3100 E Rosser Ave #1-06, Bismarck, ND 58501",3100 E Rosser Ave #1-06,Bismarck,ND,58501,46.80882,-100.746185,,False,,,,
452681879,FOR_RENT,Apartment for rent,,915.0,917.0,1.0,,,,,,2.0,1.0,"Library Lane, 2120 Library Ln #2-302, Grand Forks, ND 58201",2120 Library Ln #2-302,Grand Forks,ND,58201,47.899105,-97.05002,,False,,,,
450880299,FOR_RENT,Apartment for rent,,945.0,916.0,1.0,,,,,,2.0,1.0,"South Glen Village, 1801 Hiawatha St #1909, Minot, ND 58701",1801 Hiawatha St #1909,Minot,ND,58701,48.21378,-101.27899,,False,,,,
454696563,FOR_RENT,Apartment for rent,,935.0,935.0,1.0,,,,,,2.0,1.0,"Aurora on Griggs Square, 600 1st Ave N #304, Grand Forks, ND 58203",600 1st Ave N #304,Grand Forks,ND,58203,47.923695,-97.03563,,False,,,,
453897929,FOR_RENT,Apartment for rent,,1449.0,1220.0,1.0,,,,,,3.0,2.0,"The Villas at Sundance Cove II, 2359 Coves Ct, Dickinson, ND 58601",2359 Coves Ct #EB7140919,Dickinson,ND,58601,46.90437,-102.74934,,False,,,,
306709838,FOR_RENT,House for rent,,2900.0,3000.0,1.0,434100.0,145.0,2920.0,,,5.0,3.0,"700 Klein Ave, Surrey, ND 58785",700 Klein Ave,Surrey,ND,58785,48.244473,-101.139,,False,,,,
442268573,FOR_RENT,Apartment for rent,,695.0,600.0,1.0,,,,,,1.0,1.0,"1002 5th St N #3, Fargo, ND 58102",1002 5th St N #3,Fargo,ND,58102,46.886936,-96.78665,,False,,,,
2069420750,FOR_RENT,Townhouse for rent,,2025.0,1600.0,1.0,313300.0,196.0,1910.0,,,3.0,3.0,"3338 6th Way E #C, West Fargo, ND 58078",3338 6th Way E #C,West Fargo,ND,58078,46.830395,-96.88883,,False,,,,
402486950,FOR_RENT,Townhouse for rent,,1050.0,,,233700.0,,,,,3.0,2.0,"1413 Collins Ave #1, Mandan, ND 58554",1413 Collins Ave #1,Mandan,ND,58554,46.83884,-100.89329,,False,,,,
325558695,FOR_RENT,House for rent,,3800.0,3672.0,1.0,590600.0,161.0,3600.0,,,5.0,3.0,"6005 E Prairiewood Dr, Grand Forks, ND 58201",6005 E Prairiewood Dr,Grand Forks,ND,58201,47.861473,-97.025406,,False,,,,
450066918,FOR_RENT,Apartment for rent,,1295.0,1700.0,1.0,,,,,,3.0,1.0,"57 11th Ave N #202, Fargo, ND 58102",57 11th Ave N #202,Fargo,ND,58102,46.889114,-96.777565,,False,,,,
66538738,FOR_RENT,House for rent,,1600.0,,,213000.0,,1861.0,,,3.0,3.0,"706 10th St N, Fargo, ND 58102",706 10th St N,Fargo,ND,58102,46.883415,-96.79432,,False,,,,
2091681548,FOR_RENT,Apartment for rent,,985.0,929.0,1.0,,,1000.0,,,2.0,1.0,"11 36th Ave NW, 11 36th Ave NW APT 104, Minot, ND 58703",11 36th Ave NW APT 104,Minot,ND,58703,48.276703,-101.293015,,False,,,,
455399511,FOR_RENT,House for rent,,2100.0,2200.0,1.0,,,,,,4.0,4.0,"5872 36th St S, Fargo, ND 58104",5872 36th St S,Fargo,ND,58104,46.795555,-96.83761,,False,,,,
453059450,FOR_RENT,Apartment for rent,,3300.0,2000.0,2.0,541300.0,271.0,,,,3.0,2.0,"412 5th St N #502, Fargo, ND 58102",412 5th St N #502,Fargo,ND,58102,46.880688,-96.78643,,False,,,,
349561271,FOR_RENT,House for rent,,1895.0,1769.0,1.0,230700.0,130.0,1653.0,,,3.0,3.0,"301B Torontos Ct, Hillsboro, ND 58045",301B Torontos Ct,Hillsboro,ND,58045,47.407097,-97.06662,,False,,,,
2082374567,FOR_RENT,Apartment for rent,,945.0,,,,,693.0,,,2.0,1.0,"825 43rd St SE, 825 43rd St SE APT 104, Minot, ND 58701",825 43rd St SE APT 104,Minot,ND,58701,48.22814,-101.22878,,False,,,,
2062007629,FOR_RENT,Apartment for rent,,925.0,,,,,956.0,,,1.0,1.0,"1405 2nd Ave SW, 1405 2nd Ave SW #9, Minot, ND 58701",1405 2nd Ave SW #9,Minot,ND,58701,48.233986,-101.3146,,False,,,,
455268611,FOR_RENT,House for rent,,1175.0,,,,,,,,1.0,1.0,"906 N 9th St, Bismarck, ND 58501",906 N 9th St,Bismarck,ND,58501,46.81403,-100.77833,,False,,,,
2076945911,FOR_RENT,Apartment for rent,,715.0,790.0,1.0,,,847.0,,,2.0,1.0,"1622 N. 5th St., 1622 N 5th St #A, Grand Forks, ND 58203",1622 N 5th St #A,Grand Forks,ND,58203,47.935856,-97.047516,,False,,,,
2068363383,FOR_RENT,Apartment for rent,,499.0,,,,,754.0,,,2.0,1.0,"1818 2nd Ave S, Fargo, ND 58103",1818 2nd Ave S,Fargo,ND,58103,46.87284,-96.811356,,False,,,,
2056195456,FOR_RENT,Apartment for rent,,595.0,,,,,687.0,,,,1.0,"421 University Ave W, 421 University Ave W #1, Minot, ND 58703",421 University Ave W #1,Minot,ND,58703,48.244854,-101.30026,,False,,,,
2090969938,FOR_RENT,Apartment for rent,,815.0,855.0,1.0,,,920.0,,,2.0,1.0,"2805 7th Street SW, 2805 7th St SW APT C, Minot, ND 58701",2805 7th St SW APT C,Minot,ND,58701,48.204365,-101.30295,,False,,,,
125818668,FOR_RENT,House for rent,,2750.0,2635.0,1.0,427200.0,162.0,2454.0,,,4.0,3.0,"5445 Justice Dr S, Fargo, ND 58104",5445 Justice Dr S,Fargo,ND,58104,46.82152,-96.87668,,False,,,,
2086573255,FOR_RENT,Apartment for rent,,1775.0,2352.0,1.0,,,1172.0,,,3.0,3.0,"2263 Springbrook Ct, Grand Forks, ND 58201",2263 Springbrook Ct,Grand Forks,ND,58201,47.904957,-97.05778,,False,,,,
2053408772,FOR_RENT,Apartment for rent,,1199.0,1216.0,1.0,,,1303.0,,,3.0,2.0,"1001 Gibraltor Ave N #158, Fargo, ND 58102",1001 Gibraltor Ave N #158,Fargo,ND,58102,46.92368,-96.79172,,False,,,,
220692074,FOR_RENT,House for rent,,2395.0,,,251900.0,,1998.0,,,4.0,2.0,"3121 8th St NE, Minot, ND 58703",3121 8th St NE,Minot,ND,58703,48.269268,-101.28118,,False,,,,
455250810,FOR_RENT,House for rent,,2095.0,1965.0,1.0,,,,,,3.0,3.0,"509 Foxtail Dr, West Fargo, ND 58078",509 Foxtail Dr,West Fargo,ND,58078,46.833645,-96.88926,,False,,,,
2057180535,FOR_RENT,Apartment for rent,,1365.0,1000.0,1.0,,,1256.0,,,3.0,2.0,"1105 5th Ave S #2, Fargo, ND 58103",1105 5th Ave S #2,Fargo,ND,58103,46.86994,-96.79676,,False,,,,
455250663,FOR_RENT,Apartment for rent,,775.0,,,,,,,,1.0,1.0,"1110 2nd Avenue N., 1110 2nd Ave N #3, Grand Forks, ND 58203",1110 2nd Ave N #3,Grand Forks,ND,58203,47.921482,-97.042656,,False,,,,
2079956796,FOR_RENT,House for rent,,575.0,,,141900.0,,718.0,,,1.0,1.0,"1226 10th St N #6, Fargo, ND 58102",1226 10th St N #6,Fargo,ND,58102,46.891926,-96.7942,,False,,,,
220701679,FOR_RENT,House for rent,,1195.0,,,80200.0,,999.0,,,2.0,1.0,"1102 6th St SW, Minot, ND 58701",1102 6th St SW,Minot,ND,58701,48.225224,-101.30187,,False,,,,
2088058070,FOR_RENT,Apartment for rent,,865.0,760.0,1.0,,,781.0,,,2.0,1.0,"1110 14th Ave S, 1110 14th Ave S APT 2, Grand Forks, ND 58201",1110 14th Ave S APT 2,Grand Forks,ND,58201,47.908253,-97.04268,,False,,,,
455177955,FOR_RENT,Apartment for rent,,950.0,900.0,1.0,,,,,,1.0,1.0,"201 E Arbor Ave #207E, Bismarck, ND 58504",201 E Arbor Ave #207E,Bismarck,ND,58504,46.796806,-100.79026,,False,,,,
2076626726,FOR_RENT,Apartment for rent,,575.0,,,,,746.0,,,2.0,1.0,"2410 4th St NW, 2410 4th St NW APT 4, Minot, ND 58703",2410 4th St NW APT 4,Minot,ND,58703,48.26277,-101.29865,,False,,,,
455220922,FOR_RENT,Apartment for rent,,995.0,1031.0,1.0,,,,,,2.0,2.0,"205 E Arbor Ave #302G, Bismarck, ND 58504",205 E Arbor Ave #302G,Bismarck,ND,58504,46.796127,-100.790245,,False,,,,
123900498,FOR_RENT,Townhouse for rent,,1795.0,1930.0,1.0,276100.0,143.0,2103.0,,,3.0,2.0,"1829 49th St S, Fargo, ND 58103",1829 49th St S,Fargo,ND,58103,46.851994,-96.86943,,False,,,,
81692824,FOR_RENT,Apartment for rent,,875.0,450.0,2.0,88600.0,197.0,926.0,,,,1.0,"4600 S Washington St APT 102, Grand Forks, ND 58201",4600 S Washington St APT 102,Grand Forks,ND,58201,47.876347,-97.04704,,False,,,,
2057992941,FOR_RENT,Apartment for rent,,1995.0,1818.0,1.0,,,2068.0,,,3.0,3.0,"JSR Holdings, LLC, 2832 Sheyenne St, West Fargo, ND 58078",2832 Sheyenne St,West Fargo,ND,58078,46.837627,-96.90731,,False,,,,
123902805,FOR_RENT,House for rent,,1945.0,1818.0,1.0,317700.0,175.0,2116.0,,,3.0,3.0,"5957 57th Ave S, Fargo, ND 58104",5957 57th Ave S,Fargo,ND,58104,46.79697,-96.886856,,False,,,,
444647472,FOR_RENT,House for rent,,3500.0,1933.0,2.0,468700.0,242.0,,,,4.0,3.0,"4833 Cornice Loop, Bismarck, ND 58503",4833 Cornice Loop,Bismarck,ND,58503,46.858356,-100.81353,,False,,,,
234075286,FOR_RENT,House for rent,,1100.0,,,92900.0,,1054.0,,,2.0,1.0,"811 9th Ave SE, Jamestown, ND 58401",811 9th Ave SE,Jamestown,ND,58401,46.90104,-98.6959,,False,,,,
2065138670,FOR_RENT,Apartment for rent,,995.0,,,,,1448.0,,,2.0,2.0,"15 South Main, 15 Main St S #201, Minot, ND 58701",15 Main St S #201,Minot,ND,58701,48.235817,-101.292595,,False,,,,
2091195305,FOR_RENT,Apartment for rent,,1085.0,950.0,1.0,,,992.0,,,2.0,2.0,"Southdale, 1526 16th Ave SW APT 205, Minot, ND 58701",1526 16th Ave SW APT 205,Minot,ND,58701,48.21756,-101.31489,,False,,,,
66538822,FOR_RENT,House for rent,,800.0,,,138000.0,,815.0,,,2.0,1.0,"710 10th Ave N, Fargo, ND 58102",710 10th Ave N,Fargo,ND,58102,46.88658,-96.79004,,False,,,,
66538767,FOR_RENT,House for rent,,1750.0,,,282200.0,,1988.0,,,5.0,3.0,"726 11th St N, Fargo, ND 58102",726 11th St N,Fargo,ND,58102,46.884197,-96.79591,,False,,,,
66539968,FOR_RENT,House for rent,,2100.0,1696.0,1.0,267100.0,157.0,2077.0,,,4.0,2.0,"1341 5th St N, Fargo, ND 58102",1341 5th St N,Fargo,ND,58102,46.89432,-96.78565,,False,,,,
454897932,FOR_RENT,Apartment for rent,,1795.0,2280.0,1.0,,,,,,3.0,3.0,"3414 10th St SW, Minot, ND 58701",3414 10th St SW,Minot,ND,58701,48.198673,-101.30718,,False,,,,
2082286880,FOR_RENT,Apartment for rent,,625.0,425.0,1.0,,,740.0,,,1.0,1.0,"506 N. 4th Street, 506 N 4th St APT 13, Grand Forks, ND 58203",506 N 4th St APT 13,Grand Forks,ND,58203,47.928257,-97.037506,,False,,,,
452977259,FOR_RENT,Apartment for rent,,695.0,,,,,,,,2.0,1.0,"1525 12th St NW, Minot, ND 58703",1525 12th St NW,Minot,ND,58703,48.251896,-101.31192,,False,,,,
2070408868,FOR_RENT,Apartment for rent,,625.0,650.0,1.0,,,610.0,,,1.0,1.0,"NH1-1319 10th Ave S., 1319 10th Ave S #10, Grand Forks, ND 58201",1319 10th Ave S #10,Grand Forks,ND,58201,47.911964,-97.0459,,False,,,,
402325780,FOR_RENT,Apartment for rent,,815.0,,,,,,,,2.0,1.0,"215 Hancock Way #3, Garrison, ND 58540",215 Hancock Way #3,Garrison,ND,58540,47.659668,-101.41469,,False,,,,
234075335,FOR_RENT,House for rent,,1050.0,672.0,2.0,,,1086.0,,,3.0,1.0,"909 8th Ave SE, Jamestown, ND 58401",909 8th Ave SE,Jamestown,ND,58401,46.90002,-98.697395,,False,,,,
234826693,FOR_RENT,House for rent,,2395.0,1840.0,1.0,235600.0,128.0,1566.0,,,4.0,2.0,"1610 9th Ave N, Grand Forks, ND 58203",1610 9th Ave N,Grand Forks,ND,58203,47.928505,-97.04999,,False,,,,
455486929,FOR_RENT,Apartment for rent,,495.0,,,,,,,,1.0,1.0,"17 2nd Ave SE, 17 2nd Ave SE #3, Minot, ND 58701",17 2nd Ave SE #3,Minot,ND,58701,48.234623,-101.292,,False,,,,
329764462,FOR_RENT,Apartment for rent,,2770.0,789.0,4.0,216800.0,275.0,1331.0,,,1.0,1.0,"15 S 4th St UNIT 501, Grand Forks, ND 58201",15 S 4th St UNIT 501,Grand Forks,ND,58201,47.924225,-97.03042,,False,,,,
454539465,FOR_RENT,Apartment for rent,,995.0,1100.0,1.0,,,,,,2.0,1.0,"203 E Arbor Ave #303F, Bismarck, ND 58504",203 E Arbor Ave #303F,Bismarck,ND,58504,46.796276,-100.79108,,False,,,,
2078412360,FOR_RENT,Apartment for rent,,875.0,,,,,786.0,,,2.0,1.0,"609 19th Avenue SE, 609 19th Ave SE #D, Minot, ND 58701",609 19th Ave SE #D,Minot,ND,58701,48.21373,-101.28439,,False,,,,
2084750463,FOR_RENT,Apartment for rent,,1155.0,950.0,1.0,,,1049.0,,,2.0,1.0,"Green Square Apartments, 1520 32nd Ave SW APT 103, Minot, ND 58701",1520 32nd Ave SW APT 103,Minot,ND,58701,48.2026,-101.3167,,False,,,,
249748772,FOR_RENT,House for rent,,2650.0,3666.0,1.0,435300.0,119.0,2823.0,,,3.0,4.0,"169 Pine Ave, Mapleton, ND 58059",169 Pine Ave,Mapleton,ND,58059,46.886154,-97.0445,,False,,,,
123537503,FOR_RENT,House for rent,,1895.0,1818.0,1.0,321100.0,177.0,1890.0,,,3.0,3.0,"1312 4th St NW, West Fargo, ND 58078",1312 4th St NW,West Fargo,ND,58078,46.895523,-96.90545,,False,,,,
2058205089,FOR_RENT,Apartment for rent,,595.0,400.0,1.0,,,746.0,,,1.0,1.0,"300 16th Ave SW, 300 16th Ave SW #12, Minot, ND 58701",300 16th Ave SW #12,Minot,ND,58701,48.21868,-101.29765,,False,,,,
300068733,FOR_RENT,House for rent,,1895.0,2136.0,1.0,329600.0,154.0,1971.0,,,3.0,2.0,"6045 58th St S, Fargo, ND 58104",6045 58th St S,Fargo,ND,58104,46.793156,-96.88717,,False,,,,
2115609171,FOR_RENT,Apartment for rent,,899.0,,,,,907.0,,,1.0,1.0,"1727 N Grandview Ln APT 109, Bismarck, ND 58503",1727 N Grandview Ln APT 109,Bismarck,ND,58503,46.82853,-100.819595,,False,,,,
2066452616,FOR_RENT,Apartment for rent,,625.0,,,,,752.0,,,2.0,1.0,"2 bed, 1.0 bath, $625, 2025 2nd Ave SW #4, Minot, ND 58701",2025 2nd Ave SW #4,Minot,ND,58701,48.233288,-101.32521,,False,,,,
453275218,FOR_RENT,Apartment for rent,,1100.0,790.0,1.0,,,,,,1.0,1.0,"3280 12th Avenue Northwest - 305, 3280 12th Ave NW, Mandan, ND 58554",3280 12th Ave NW #305,Mandan,ND,58554,46.854282,-100.90499,,False,,,,
2060521115,FOR_RENT,Apartment for rent,,595.0,600.0,1.0,,,697.0,,,1.0,1.0,"1119 Delmar Court, 1119 Delmar Ct #3, Minot, ND 58703",1119 Delmar Ct #3,Minot,ND,58703,48.24858,-101.31188,,False,,,,
2078367124,FOR_RENT,Apartment for rent,,775.0,,,,,750.0,,,1.0,1.0,"1418, 1418 12th St N #B, Fargo, ND 58102",1418 12th St N #B,Fargo,ND,58102,46.89591,-96.79701,,False,,,,
2061787591,FOR_RENT,Townhouse for rent,,1950.0,,,242400.0,,1880.0,,,3.0,2.0,"723 14th St SE #1, Mandan, ND 58554",723 14th St SE #1,Mandan,ND,58554,46.81026,-100.88241,,False,,,,
66535063,FOR_RENT,House for rent,,1700.0,,,238900.0,,1704.0,,,3.0,2.0,"1638 8th St N, Fargo, ND 58102",1638 8th St N,Fargo,ND,58102,46.900833,-96.79099,,False,,,,
454963369,FOR_RENT,Apartment for rent,,775.0,750.0,1.0,,,,,,2.0,1.0,"1255 11th St. N - 4, 1255 11th St N, Fargo, ND 58102",1255 11th St N #4,Fargo,ND,58102,46.892483,-96.79486,,False,,,,
2061564239,FOR_RENT,House for rent,,2595.0,1703.0,2.0,323600.0,190.0,2120.0,,,3.0,2.0,"7373 22nd St S, Fargo, ND 58104",7373 22nd St S,Fargo,ND,58104,46.777264,-96.815216,,False,,,,
66550393,FOR_RENT,Apartment for rent,,1200.0,900.0,1.0,120900.0,134.0,1063.0,,,2.0,1.0,"431 4th Ave E APT 611, West Fargo, ND 58078",431 4th Ave E APT 611,West Fargo,ND,58078,46.872303,-96.89162,,False,,,,
2058230155,FOR_RENT,Apartment for rent,,575.0,,,,,966.0,,,1.0,1.0,"1729 1st St SW, 1729 1st St SW #2, Minot, ND 58701",1729 1st St SW #2,Minot,ND,58701,48.215023,-101.29425,,False,,,,
350133894,FOR_RENT,House for rent,,1900.0,2100.0,1.0,242700.0,116.0,1786.0,,,3.0,2.0,"711 10th Ave N UNIT 3, Fargo, ND 58102",711 10th Ave N UNIT 3,Fargo,ND,58102,46.887268,-96.79043,,False,,,,
453075251,FOR_RENT,House for rent,,2500.0,,,347000.0,,,,,4.0,3.0,"6733 67th Ave S, Horace, ND 58047",6733 67th Ave S,Horace,ND,58047,46.786324,-96.895386,,False,,,,
110978283,FOR_RENT,House for rent,,1395.0,,,148000.0,,1552.0,,,3.0,2.0,"604 4th St NE, Minot, ND 58703",604 4th St NE,Minot,ND,58703,48.242302,-101.285866,,False,,,,
2052940245,FOR_RENT,House for rent,,2200.0,2200.0,1.0,364200.0,166.0,2220.0,,,4.0,4.0,"5864 36th St S, Fargo, ND 58104",5864 36th St S,Fargo,ND,58104,46.795708,-96.83715,,False,,,,
2097631420,FOR_RENT,Apartment for rent,,795.0,,,,,896.0,,,2.0,1.0,"100 14th Avenue SE, 100 14th Ave SE APT C, Minot, ND 58701",100 14th Ave SE APT C,Minot,ND,58701,48.221703,-101.29159,,False,,,,
453270812,FOR_RENT,Apartment for rent,,575.0,,,,,,,,1.0,1.0,"63-6 - 4, 63 6th Ave N, Fargo, ND 58102",63 6th Ave N #4,Fargo,ND,58102,46.882507,-96.77948,,False,,,,
98767102,FOR_RENT,House for rent,,1895.0,1818.0,1.0,300600.0,165.0,1886.0,,,3.0,3.0,"1217 S Beach Way, West Fargo, ND 58078",1217 S Beach Way,West Fargo,ND,58078,46.816933,-96.92178,,False,,,,
2098625993,FOR_RENT,House for rent,,1350.0,,,186100.0,,1399.0,,,3.0,2.0,"135 American Ave, Bismarck, ND 58504",135 American Ave,Bismarck,ND,58504,46.78812,-100.77633,,False,,,,
2083639089,FOR_RENT,Apartment for rent,,595.0,,,,,799.0,,,2.0,1.0,"605 4th St NE, 605 4th St NE APT 2, Minot, ND 58703",605 4th St NE APT 2,Minot,ND,58703,48.242268,-101.28654,,False,,,,
2091321864,FOR_RENT,Apartment for rent,,999.0,,,,,1017.0,,,3.0,1.0,"216 N 16th St #3, Bismarck, ND 58501",216 N 16th St #3,Bismarck,ND,58501,46.80699,-100.768326,,False,,,,
220699627,FOR_RENT,Apartment for rent,,745.0,,,,,781.0,,,1.0,1.0,"728 Arbor Ave, Minot, ND 58701",728 Arbor Ave,Minot,ND,58701,48.228737,-101.280975,,False,,,,
78391991,FOR_RENT,Apartment for rent,,1800.0,1849.0,1.0,320000.0,173.0,1716.0,,,3.0,2.0,"912 N 27th St, Bismarck, ND 58501",912 N 27th St,Bismarck,ND,58501,46.813847,-100.75062,,False,,,,
344784058,FOR_RENT,Apartment for rent,,1349.0,1056.0,1.0,,,1249.0,,,3.0,2.0,"825 1st Ave E #291, West Fargo, ND 58078",825 1st Ave E #291,West Fargo,ND,58078,46.87506,-96.88344,,False,,,,
117910681,FOR_RENT,Townhouse for rent,,1500.0,540.0,3.0,147600.0,273.0,1257.0,,,2.0,1.0,"1401 7th Ave NE, Jamestown, ND 58401",1401 7th Ave NE,Jamestown,ND,58401,46.92186,-98.69946,,False,,,,
66543854,FOR_RENT,House for rent,,1450.0,,,102100.0,,1368.0,,,2.0,2.0,"1466 12th St N, Fargo, ND 58102",1466 12th St N,Fargo,ND,58102,46.89741,-96.79699,,False,,,,
124515427,FOR_RENT,Townhouse for rent,,1399.0,,,188200.0,,1395.0,,,3.0,1.0,"202 4th Ave SW, Mandan, ND 58554",202 4th Ave SW,Mandan,ND,58554,46.82225,-100.894775,,False,,,,
402325818,FOR_RENT,Apartment for rent,,550.0,,,,,,,,1.0,1.0,"229 S Grove St #13, Hebron, ND 58638",229 S Grove St #13,Hebron,ND,58638,46.898514,-102.04676,,False,,,,
66543751,FOR_RENT,House for rent,,1750.0,,,232600.0,,1904.0,,,5.0,2.0,"1236 11th St N, Fargo, ND 58102",1236 11th St N,Fargo,ND,58102,46.891712,-96.79523,,False,,,,
440196247,FOR_RENT,House for rent,,1450.0,,,203100.0,,,,,3.0,1.0,"514 E Ave E, Bismarck, ND 58501",514 E Ave E,Bismarck,ND,58501,46.8142,-100.78353,,False,,,,
2058926220,FOR_RENT,Apartment for rent,,795.0,900.0,1.0,,,989.0,,,2.0,1.0,"201 36th Ave NE, 201 36th Ave NE #202, Minot, ND 58703",201 36th Ave NE #202,Minot,ND,58703,48.276558,-101.28833,,False,,,,
339994955,FOR_RENT,Apartment for rent,,550.0,,,,,811.0,,,1.0,1.0,"LL - 1003 4 Plex, 1003 5th Ave NE #2, Jamestown, ND 58401",1003 5th Ave NE #2,Jamestown,ND,58401,46.91816,-98.70271,,False,,,,
2060844591,FOR_RENT,Apartment for rent,,1895.0,,,,,1870.0,,,4.0,3.0,"21 & 23 Hanfield Court, 21 & 23 Hanfield Ct #23, Surrey, ND 58785",21 & 23 Hanfield Ct #23,Surrey,ND,58785,48.243374,-101.1364,,False,,,,
352498934,FOR_RENT,Apartment for rent,,775.0,,,,,662.0,,,1.0,1.0,"Three Plex Across from MSU, 703 University Ave W #U, Minot, ND 58703",703 University Ave W #U,Minot,ND,58703,48.244896,-101.3037,,False,,,,
453261729,FOR_RENT,Apartment for rent,,825.0,575.0,1.0,,,,,,1.0,1.0,"410 East Main Street - Unit 3, 410 E Main St, Bismarck, ND 58501",410 E Main St #3,Bismarck,ND,58501,46.827446,-100.88461,,False,,,,
216252446,FOR_RENT,House for rent,,1895.0,1842.0,1.0,308200.0,167.0,1924.0,,,3.0,2.0,"6038 59th St S, Fargo, ND 58104",6038 59th St S,Fargo,ND,58104,46.79316,-96.887695,,False,,,,
453072679,FOR_RENT,Apartment for rent,,1150.0,,,,,,,,2.0,1.0,"1100 Pleasant St #6, Bismarck, ND 58504",1100 Pleasant St #6,Bismarck,ND,58504,46.79329,-100.797485,,False,,,,
2058520034,FOR_RENT,Apartment for rent,,895.0,,,,,718.0,,,2.0,1.0,"1200 Glacial Drive, 1200 Glacial Dr #1, Minot, ND 58703",1200 Glacial Dr #1,Minot,ND,58703,48.250736,-101.31197,,False,,,,
2056925495,FOR_RENT,Townhouse for rent,,575.0,450.0,1.0,133500.0,297.0,619.0,,,1.0,1.0,"2506 8th St N #4, Fargo, ND 58102",2506 8th St N #4,Fargo,ND,58102,46.910305,-96.7902,,False,,,,
300068776,FOR_RENT,House for rent,,1895.0,1818.0,1.0,315600.0,174.0,1935.0,,,3.0,3.0,"6219 63rd Ave S, Fargo, ND 58104",6219 63rd Ave S,Fargo,ND,58104,46.792233,-96.89146,,False,,,,
2058006397,FOR_RENT,Apartment for rent,,545.0,,,,,693.0,,,2.0,1.0,"1002 43rd St SE, 1002 43rd St SE #7, Minot, ND 58701",1002 43rd St SE #7,Minot,ND,58701,48.22656,-101.22918,,False,,,,
452288401,FOR_RENT,Apartment for rent,,825.0,500.0,2.0,,,,,,1.0,1.0,"502 Forest Avenue North - 3, 502 Forest Ave N, Fargo, ND 58102",502 Forest Ave N #3,Fargo,ND,58102,46.91422,-96.78602,,False,,,,
98774520,FOR_RENT,House for rent,,1895.0,1818.0,1.0,295900.0,163.0,1886.0,,,3.0,3.0,"1213 S Beach Way, West Fargo, ND 58078",1213 S Beach Way,West Fargo,ND,58078,46.816933,-96.92164,,False,,,,
2079581013,FOR_RENT,Apartment for rent,,1145.0,,,,,663.0,,,2.0,1.0,"1800 East Burdick Expressway, 1800 E Burdick Expy #110, Minot, ND 58701",1800 E Burdick Expy #110,Minot,ND,58701,48.23127,-101.26581,,False,,,,
448253180,FOR_RENT,Apartment for rent,,795.0,,,,,,,,1.0,1.0,"1002 N 4th St #4, Bismarck, ND 58501",1002 N 4th St #4,Bismarck,ND,58501,46.815502,-100.7864,,False,,,,
2062673065,FOR_RENT,Apartment for rent,,1395.0,,,,,1330.0,,,2.0,1.0,"House- NW, 2803 15th Ave NW #C, Minot, ND 58703",2803 15th Ave NW #C,Minot,ND,58703,48.251553,-101.33595,,False,,,,
454574724,FOR_RENT,Apartment for rent,,850.0,,,,,,,,2.0,1.0,"CP - 442 2nd St SW, 442 2nd St SW #4, Jamestown, ND 58401",442 2nd St SW #4,Jamestown,ND,58401,46.907684,-98.714935,,False,,,,
2088572737,FOR_RENT,Apartment for rent,,1395.0,,,,,1330.0,,,2.0,1.0,"House- NW, 2807 15th Ave NW APT C, Minot, ND 58703",2807 15th Ave NW APT C,Minot,ND,58703,48.25155,-101.33641,,False,,,,
300068693,FOR_RENT,House for rent,,2395.0,2615.0,1.0,384000.0,147.0,2443.0,,,4.0,3.0,"5964 58th St S, Fargo, ND 58104",5964 58th St S,Fargo,ND,58104,46.79374,-96.88612,,False,,,,
66886155,FOR_RENT,House for rent,,2395.0,,,357500.0,,1796.0,,,4.0,2.0,"3413 45th Ave S, Fargo, ND 58104",3413 45th Ave S,Fargo,ND,58104,46.813194,-96.83466,,False,,,,
125722535,FOR_RENT,House for rent,,2095.0,1865.0,1.0,307200.0,165.0,2127.0,,,3.0,2.0,"5902 57th Ave S, Fargo, ND 58104",5902 57th Ave S,Fargo,ND,58104,46.796364,-96.88643,,False,,,,
333884330,FOR_RENT,House for rent,,2025.0,1397.0,1.0,286000.0,205.0,1940.0,,,3.0,2.0,"7038 67th St S, Horace, ND 58047",7038 67th St S,Horace,ND,58047,46.780056,-96.896935,,False,,,,
452056834,FOR_RENT,Apartment for rent,,949.0,768.0,1.0,,,,,,2.0,1.0,"700 S 12th St LOT 80, Bismarck, ND 58504",700 S 12th St LOT 80,Bismarck,ND,58504,46.79781,-100.77486,,False,,,,
220695180,FOR_RENT,House for rent,,1395.0,,,164600.0,,1125.0,,,2.0,1.0,"1316 7th Ave NW, Minot, ND 58703",1316 7th Ave NW,Minot,ND,58703,48.244114,-101.314766,,False,,,,
350134056,FOR_RENT,House for rent,,1900.0,2100.0,1.0,242500.0,115.0,1786.0,,,3.0,2.0,"713 10th Ave N UNIT 1, Fargo, ND 58102",713 10th Ave N UNIT 1,Fargo,ND,58102,46.886745,-96.78961,,False,,,,
2062219272,FOR_RENT,Apartment for rent,,945.0,,,,,1509.0,,,2.0,2.0,"1314 8th St NW, 1314 8th St NW UNIT 106, Minot, ND 58703",1314 8th St NW UNIT 106,Minot,ND,58703,48.250317,-101.30474,,False,,,,
452765045,FOR_RENT,Apartment for rent,,895.0,990.0,1.0,,,,,,2.0,1.0,"Hanson Ivy League, 3504 11th Ave N APT 16, Grand Forks, ND 58203",3504 11th Ave N APT 16,Grand Forks,ND,58203,47.930367,-97.07843,,False,,,,
455255495,FOR_RENT,House for rent,,1650.0,,,,,,,,3.0,2.0,"4846 10th Ave S, Fargo, ND 58103",4846 10th Ave S,Fargo,ND,58103,46.866432,-96.86715,,False,,,,
252082467,FOR_RENT,House for rent,,1000.0,,,166000.0,,1009.0,,,3.0,2.0,"206 2nd St E, Velva, ND 58790",206 2nd St E,Velva,ND,58790,48.058937,-100.92576,,False,,,,
2090095273,FOR_RENT,Apartment for rent,,1200.0,,,,,1231.0,,,3.0,1.0,"312 W Ingals Ave, 312 W Ingals Ave, Bismarck, ND 58504",312 W Ingals Ave,Bismarck,ND,58504,46.801037,-100.79517,,False,,,,
220699429,FOR_RENT,House for rent,,1265.0,,,163600.0,,1222.0,,,2.0,1.0,"614 3rd Ave NW, Minot, ND 58703",614 3rd Ave NW,Minot,ND,58703,48.23908,-101.30312,,False,,,,
439783301,FOR_RENT,Apartment for rent,,595.0,250.0,2.0,,,,,,,1.0,"1024 40th St S, Fargo, ND 58103",1024 40th St S,Fargo,ND,58103,46.865093,-96.847466,,False,,,,
66543861,FOR_RENT,House for rent,,1675.0,,,241900.0,,1558.0,,,3.0,2.0,"1430 12th St N, Fargo, ND 58102",1430 12th St N,Fargo,ND,58102,46.89632,-96.797005,,False,,,,
87979883,FOR_RENT,House for rent,,2195.0,1965.0,1.0,386800.0,197.0,2203.0,,,3.0,3.0,"6078 Autumn Dr S, Fargo, ND 58104",6078 Autumn Dr S,Fargo,ND,58104,46.79272,-96.83265,,False,,,,
2093216496,FOR_RENT,Apartment for rent,,925.0,750.0,1.0,,,871.0,,,2.0,1.0,"Williamsburg, 723 28th Ave SW APT C, Minot, ND 58701",723 28th Ave SW APT C,Minot,ND,58701,48.20388,-101.30461,,False,,,,
124509725,FOR_RENT,Townhouse for rent,,2450.0,1580.0,2.0,326400.0,207.0,2361.0,,,3.0,3.0,"2605 Verity Ln SE, Mandan, ND 58554",2605 Verity Ln SE,Mandan,ND,58554,46.801273,-100.83251,,False,,,,
2085603695,FOR_RENT,Apartment for rent,,495.0,,,,,669.0,,,1.0,1.0,"1000 43rd Street SE, 1000 43rd St SE APT 3, Minot, ND 58701",1000 43rd St SE APT 3,Minot,ND,58701,48.227028,-101.22958,,False,,,,
220692079,FOR_RENT,Townhouse for rent,,2195.0,,,277300.0,,1476.0,,,4.0,2.0,"3111 8th St NE, Minot, ND 58703",3111 8th St NE,Minot,ND,58703,48.26927,-101.28036,,False,,,,
453073308,FOR_RENT,Apartment for rent,,915.0,,,,,,,,2.0,1.0,"1030 Bozeman Dr APT 5, Bismarck, ND 58504",1030 Bozeman Dr APT 5,Bismarck,ND,58504,46.793816,-100.78746,,False,,,,
2057746414,FOR_RENT,House for rent,,2300.0,2350.0,1.0,364600.0,155.0,2372.0,,,3.0,3.0,"3306 23rd Ave NW, Minot, ND 58703",3306 23rd Ave NW,Minot,ND,58703,48.261665,-101.34295,,False,,,,
249828457,FOR_RENT,House for rent,,2245.0,2125.0,1.0,348300.0,164.0,2285.0,,,4.0,2.0,"7359 18th St S, Fargo, ND 58104",7359 18th St S,Fargo,ND,58104,46.77724,-96.81143,,False,,,,
2091195610,FOR_RENT,Apartment for rent,,795.0,,,,,726.0,,,2.0,1.0,"Ellington Apartments, 209 27th Ave NW APT 3, Minot, ND 58703",209 27th Ave NW APT 3,Minot,ND,58703,48.265324,-101.29768,,False,,,,
2054595186,FOR_RENT,House for rent,,1895.0,1647.0,1.0,223500.0,136.0,1685.0,,,3.0,3.0,"829 5th St SE, Mayville, ND 58257",829 5th St SE,Mayville,ND,58257,47.496017,-97.31541,,False,,,,
113970460,FOR_RENT,Townhouse for rent,,1700.0,1736.0,1.0,232500.0,134.0,1629.0,,,3.0,2.0,"3510 32nd St S, Fargo, ND 58104",3510 32nd St S,Fargo,ND,58104,46.82677,-96.82984,,False,,,,
242472749,FOR_RENT,Townhouse for rent,,1400.0,1611.0,1.0,246600.0,153.0,1458.0,,,3.0,3.0,"24 7th St SW, Tioga, ND 58852",24 7th St SW,Tioga,ND,58852,48.388,-102.94239,,False,,,,
249828084,FOR_RENT,House for rent,,2445.0,1998.0,1.0,352400.0,176.0,2334.0,,,4.0,3.0,"7438 18th St S, Fargo, ND 58104",7438 18th St S,Fargo,ND,58104,46.776073,-96.8107,,False,,,,
220694328,FOR_RENT,House for rent,,1295.0,1250.0,1.0,162700.0,130.0,1426.0,,,3.0,1.0,"114 4th Ave NW, Minot, ND 58703",114 4th Ave NW,Minot,ND,58703,48.24022,-101.29484,,False,,,,
2070840109,FOR_RENT,Apartment for rent,,1300.0,,,,,1772.0,,,2.0,2.0,"Mapleton Apartments, 1600 Mapleton Ave APT 127, Bismarck, ND 58503",1600 Mapleton Ave APT 127,Bismarck,ND,58503,46.840473,-100.767624,,False,,,,
333883580,FOR_RENT,House for rent,,2295.0,1714.0,1.0,309900.0,181.0,2146.0,,,3.0,3.0,"6725 71st Ave S, Horace, ND 58047",6725 71st Ave S,Horace,ND,58047,46.780888,-96.89849,,False,,,,
2090536984,FOR_RENT,Apartment for rent,,695.0,,,,,885.0,,,2.0,1.0,"819 11th Ave NW, 819 11th Ave NW APT 2, Minot, ND 58703",819 11th Ave NW APT 2,Minot,ND,58703,48.246944,-101.30604,,False,,,,
454113741,FOR_RENT,Apartment for rent,,1115.0,753.0,1.0,,,,,,2.0,1.0,"First Avenue Apartments - Downtown living at some of it's finest., 13 1st Ave SW, Minot, ND 58701",13 1st Ave SW #505,Minot,ND,58701,48.23662,-101.29502,,False,,,,
2107078424,FOR_RENT,Apartment for rent,,1075.0,,,,,982.0,,,2.0,1.0,"1429 N 21st St APT 6, Bismarck, ND 58501",1429 N 21st St APT 6,Bismarck,ND,58501,46.82119,-100.76028,,False,,,,
2094427290,FOR_RENT,Apartment for rent,,795.0,600.0,1.0,,,796.0,,,2.0,1.0,"Maple Street 2 Bedroom Apartment with Laundry Hook-ups, 600 Maple St APT 3, Minot, ND 58701",600 Maple St APT 3,Minot,ND,58701,48.230232,-101.30608,,False,,,,
120776240,FOR_RENT,House for rent,,2800.0,2475.0,1.0,478600.0,193.0,2494.0,,,4.0,3.0,"3571 54th St S, Fargo, ND 58104",3571 54th St S,Fargo,ND,58104,46.825092,-96.876175,,False,,,,
2102412887,FOR_RENT,Apartment for rent,,895.0,485.0,2.0,,,756.0,,,1.0,1.0,"24 1st St NE, 24 1st St NE APT B, Minot, ND 58703",24 1st St NE APT B,Minot,ND,58703,48.23733,-101.29106,,False,,,,
351335670,FOR_RENT,House for rent,,1425.0,,,172500.0,,1399.0,,,3.0,2.0,"154 Northwest Dr, Bismarck, ND 58504",154 Northwest Dr,Bismarck,ND,58504,46.785275,-100.77626,,False,,,,
450511666,FOR_RENT,Apartment for rent,,850.0,799.0,1.0,,,,,,2.0,1.0,"1111 17th Avenue West - 7, 1111 17th Ave W, Dickinson, ND 58601",1111 17th Ave W #7,Dickinson,ND,58601,46.89267,-102.81057,,False,,,,
123538835,FOR_RENT,House for rent,,1895.0,1818.0,1.0,310700.0,171.0,1890.0,,,3.0,3.0,"1319 4th St NW, West Fargo, ND 58078",1319 4th St NW,West Fargo,ND,58078,46.895897,-96.90458,,False,,,,
454258119,FOR_RENT,Apartment for rent,,1025.0,,,,,,,,2.0,2.0,"1100 32nd Ave SW, 1100 32nd Ave SW #203, Minot, ND 58701",1100 32nd Ave SW #203,Minot,ND,58701,48.20185,-101.30827,,False,,,,
82539427,FOR_RENT,House for rent,,1000.0,1000.0,1.0,179200.0,179.0,1163.0,,,2.0,2.0,"1110 3rd Ave N APT 302E, Fargo, ND 58102",1110 3rd Ave N APT 302E,Fargo,ND,58102,46.879154,-96.79634,,False,,,,
2059979847,FOR_RENT,House for rent,,2445.0,1586.0,2.0,289900.0,183.0,1821.0,,,3.0,2.0,"4951 37th Ave S, Fargo, ND 58102",4951 37th Ave S,Fargo,ND,58102,46.822906,-96.87043,,False,,,,
117910575,FOR_RENT,House for rent,,1500.0,1188.0,1.0,102600.0,86.0,1302.0,,,3.0,1.0,"312 2nd Ave NW, Jamestown, ND 58401",312 2nd Ave NW,Jamestown,ND,58401,46.910713,-98.70988,,False,,,,
454258048,FOR_RENT,Apartment for rent,,925.0,750.0,1.0,,,,,,2.0,1.0,"Williamsburg, 819-823 28th Ave #B, Minot, ND 58701",819-823 28th Ave #B,Minot,ND,58701,48.20409,-101.30525,,False,,,,
449368333,FOR_RENT,Apartment for rent,,800.0,550.0,1.0,,,,,,1.0,1.0,"1334 5th Ave S, 1334 5th Ave S #5, Fargo, ND 58103",1334 5th Ave S #5,Fargo,ND,58103,46.869415,-96.8002,,False,,,,
2082312604,FOR_RENT,Apartment for rent,,895.0,,,,,718.0,,,2.0,1.0,"1120 12th St NW, 1120 12th St NW APT A, Minot, ND 58703",1120 12th St NW APT A,Minot,ND,58703,48.24815,-101.31177,,False,,,,
339533218,FOR_RENT,House for rent,,2695.0,1714.0,2.0,332500.0,194.0,2205.0,,,3.0,2.0,"1224 Jill Dr W, West Fargo, ND 58078",1224 Jill Dr W,West Fargo,ND,58078,46.79654,-96.92391,,False,,,,
2060955462,FOR_RENT,Apartment for rent,,845.0,485.0,2.0,,,756.0,,,1.0,1.0,"AT Lofts, 30 1st St NE APT 303, Minot, ND 58703",30 1st St NE APT 303,Minot,ND,58703,48.237503,-101.29106,,False,,,,
352139452,FOR_RENT,Apartment for rent,,1950.0,1817.0,1.0,,,1328.0,,,3.0,2.0,"Beautiful Twin Homes Available Now!, 3126-3346 8th St NE #3340, Minot, ND 58703",3126-3346 8th St NE #3340,Minot,ND,58703,48.244507,-101.28173,,False,,,,
220692494,FOR_RENT,Townhouse for rent,,1995.0,,,261900.0,,1796.0,,,3.0,3.0,"1808 23rd Ave NW, Minot, ND 58703",1808 23rd Ave NW,Minot,ND,58703,48.2616,-101.32112,,False,,,,
2060264030,FOR_RENT,House for rent,,1995.0,1928.0,1.0,242600.0,126.0,1814.0,,,4.0,3.0,"833 5th St SE, Mayville, ND 58257",833 5th St SE,Mayville,ND,58257,47.496017,-97.31536,,False,,,,
452265873,FOR_RENT,Apartment for rent,,895.0,,,,,,,,2.0,1.0,"50 Country Road, 50 Country Rd #14, Rugby, ND 58368",50 Country Rd #14,Rugby,ND,58368,48.35823,-99.98797,,False,,,,
2060141253,FOR_RENT,House for rent,,2595.0,1714.0,2.0,303300.0,177.0,2108.0,,,3.0,3.0,"4993 37th Ave S, Fargo, ND 58102",4993 37th Ave S,Fargo,ND,58102,46.822884,-96.87151,,False,,,,
450877050,FOR_RENT,Apartment for rent,,2225.0,1830.0,1.0,,,,,,3.0,2.0,"Bold Duplexes on Mulberry, 70-91 Mulberry Loop NE #70, Minot, ND 58703",70-91 Mulberry Loop NE #70,Minot,ND,58703,48.27131,-101.27662,,False,,,,
2061311606,FOR_RENT,Apartment for rent,,1295.0,,,,,1330.0,,,2.0,1.0,"2819 15th Ave NW, 2819 15th Ave NW APT B, Minot, ND 58703",2819 15th Ave NW APT B,Minot,ND,58703,48.25154,-101.33776,,False,,,,
2081950154,FOR_RENT,Apartment for rent,,825.0,,,,,703.0,,,2.0,1.0,"1505, 1505 University Dr N APT 6, Fargo, ND 58102",1505 University Dr N APT 6,Fargo,ND,58102,46.89794,-96.79764,,False,,,,
2080022882,FOR_RENT,Apartment for rent,,795.0,,,,,795.0,,,1.0,1.0,"724 6th, 724 6th Ave N APT 6, Fargo, ND 58102",724 6th Ave N APT 6,Fargo,ND,58102,46.882275,-96.79104,,False,,,,
452665731,FOR_RENT,Apartment for rent,,740.0,850.0,1.0,,,,,,2.0,1.0,"1422 32nd, 1422 32nd St S #105, Fargo, ND 58103",1422 32nd St S #105,Fargo,ND,58103,46.85885,-96.82943,,False,,,,
295384466,FOR_RENT,House for rent,,2645.0,2176.0,1.0,431200.0,198.0,2438.0,,,4.0,2.0,"5856 Deb Dr W, West Fargo, ND 58078",5856 Deb Dr W,West Fargo,ND,58078,46.7973,-96.9137,,False,,,,
349021855,FOR_RENT,House for rent,,2645.0,2176.0,1.0,369300.0,170.0,2457.0,,,4.0,3.0,"7301 Aquiline Dr S, Fargo, ND 58104",7301 Aquiline Dr S,Fargo,ND,58104,46.777973,-96.81644,,False,,,,
2058445831,FOR_RENT,Apartment for rent,,820.0,,,,,804.0,,,2.0,1.0,"201 9th Ave N #201, Fargo, ND 58102",201 9th Ave N #201,Fargo,ND,58102,46.886024,-96.782104,,False,,,,
2099189509,FOR_RENT,Apartment for rent,,945.0,700.0,1.0,,,753.0,,,2.0,1.0,"1515 12th St. NW, 1515 12th St NW APT 2, Minot, ND 58703",1515 12th St NW APT 2,Minot,ND,58703,48.251484,-101.31193,,False,,,,
446200050,FOR_RENT,Apartment for rent,,845.0,,,,,,,,2.0,1.0,"509 11th Avenue NE, 509 11th Ave NE UNIT B, Minot, ND 58703",509 11th Ave NE UNIT B,Minot,ND,58703,48.246983,-101.28506,,False,,,,
121260545,FOR_RENT,House for rent,,2745.0,1998.0,1.0,402600.0,202.0,2371.0,,,4.0,3.0,"1520 75th Ave S, Fargo, ND 58104",1520 75th Ave S,Fargo,ND,58104,46.774902,-96.80418,,False,,,,
443140895,FOR_RENT,House for rent,,1619.0,1216.0,1.0,323300.0,266.0,,,,3.0,2.0,"1501 E Bismarck Expy #5119, Bismarck, ND 58504",1501 E Bismarck Expy #5119,Bismarck,ND,58504,46.792545,-100.769615,,False,,,,
453895474,FOR_RENT,Apartment for rent,,900.0,700.0,1.0,,,,,,1.0,1.0,"167 Cottage St #3, Hazelton, ND 58544",167 Cottage St #3,Hazelton,ND,58544,46.482754,-100.28086,,False,,,,
82388486,FOR_RENT,Apartment for rent,,950.0,950.0,1.0,105100.0,111.0,1083.0,,,2.0,1.0,"341 Prairiewood Cir S APT 303, Fargo, ND 58103",341 Prairiewood Cir S APT 303,Fargo,ND,58103,46.849277,-96.837616,,False,,,,
455519098,FOR_RENT,House for rent,,1425.0,1560.0,1.0,,,,,,3.0,2.0,"14297 Hillview Estates Dr, Alexander, ND 58831",14297 Hillview Estates Dr,Alexander,ND,58831,47.81667,-103.64237,,False,,,,
402766705,FOR_RENT,Apartment for rent,,680.0,415.0,2.0,,,,,,1.0,1.0,"911 3rd Ave N #7, Fargo, ND 58102",911 3rd Ave N #7,Fargo,ND,58102,46.87971,-96.79314,,False,,,,
455518398,FOR_RENT,Apartment for rent,,850.0,600.0,1.0,,,,,,1.0,1.0,"747 Oak St N APT 4, Fargo, ND 58102",747 Oak St N APT 4,Fargo,ND,58102,46.884544,-96.77816,,False,,,,
455516528,FOR_RENT,Apartment for rent,,800.0,750.0,1.0,,,,,,2.0,1.0,"1017 13th Ave N #2, Fargo, ND 58102",1017 13th Ave N #2,Fargo,ND,58102,46.893,-96.79484,,False,,,,
455481718,FOR_RENT,Apartment for rent,,1695.0,1800.0,1.0,,,,,,3.0,2.0,"1019 N 4th St #1, Grand Forks, ND 58203",1019 N 4th St #1,Grand Forks,ND,58203,47.932007,-97.04546,,False,,,,
455354230,FOR_RENT,Apartment for rent,,1100.0,530.0,2.0,,,,,,1.0,1.0,"601 Main St, Finley, ND 58230",601 Main St,Finley,ND,58230,47.509693,-97.83871,,False,,,,
66541095,FOR_RENT,House for rent,,1800.0,2532.0,1.0,191600.0,76.0,1237.0,,,5.0,2.0,"726 College St N, Fargo, ND 58102",726 College St N,Fargo,ND,58102,46.884216,-96.80012,,False,,,,
455426594,FOR_RENT,Apartment for rent,,950.0,1370.0,1.0,,,,,,2.0,2.0,"2101 32nd St W UNIT 310, Williston, ND 58801",2101 32nd St W UNIT 310,Williston,ND,58801,48.172882,-103.653625,,False,,,,
66552364,FOR_RENT,Townhouse for rent,,1400.0,1080.0,1.0,171300.0,159.0,1248.0,,,3.0,1.0,"541 4th Ave NW, West Fargo, ND 58078",541 4th Ave NW,West Fargo,ND,58078,46.881298,-96.906715,,False,,,,
439662197,FOR_RENT,Apartment for rent,,1650.0,850.0,2.0,,,,,,2.0,1.0,"16 Prairie Ave #16, Dickinson, ND 58601",16 Prairie Ave #16,Dickinson,ND,58601,46.89999,-102.79805,,False,,,,
295384489,FOR_RENT,House for rent,,2250.0,2201.0,1.0,401100.0,182.0,2359.0,,,4.0,4.0,"5792 Deb Dr W, West Fargo, ND 58078",5792 Deb Dr W,West Fargo,ND,58078,46.799194,-96.91615,,False,,,,
306096223,FOR_RENT,House for rent,,1300.0,1100.0,1.0,,,1061.0,,,2.0,1.0,"471 Harold St, Hazelton, ND 58544",471 Harold St,Hazelton,ND,58544,46.481995,-100.276245,,False,,,,
452301392,FOR_RENT,Apartment for rent,,1500.0,1000.0,2.0,,,,,,1.0,1.0,"215 E Arikara Ave #1, Bismarck, ND 58501",215 E Arikara Ave #1,Bismarck,ND,58501,46.81897,-100.78793,,False,,,,
2080814822,FOR_RENT,Apartment for rent,,650.0,,,,,718.0,,,2.0,1.0,"1510 Terrace Dr APT F, Minot, ND 58703",1510 Terrace Dr APT F,Minot,ND,58703,48.25113,-101.31265,,False,,,,
344648557,FOR_RENT,Apartment for rent,,1400.0,1040.0,1.0,,,1315.0,,,2.0,2.0,"2205 Timbers St W APT 104, Williston, ND 58801",2205 Timbers St W APT 104,Williston,ND,58801,48.167084,-103.65576,,False,,,,
124515876,FOR_RENT,House for rent,,1530.0,884.0,2.0,157900.0,179.0,1698.0,,,2.0,2.0,"302 S 5th St, New Salem, ND 58563",302 S 5th St,New Salem,ND,58563,46.839478,-101.41292,,False,,,,
2058017578,FOR_RENT,Apartment for rent,,750.0,700.0,1.0,,,748.0,,,2.0,1.0,"2605 9th St N APT 2, Fargo, ND 58102",2605 9th St N APT 2,Fargo,ND,58102,46.91106,-96.79065,,False,,,,
454207932,FOR_RENT,Apartment for rent,,2095.0,1311.0,2.0,,,,,,2.0,2.0,"3514 33rd Ave W #24, Williston, ND 58801",3514 33rd Ave W #24,Williston,ND,58801,48.178,-103.66977,,False,,,,
316847791,FOR_RENT,House for rent,,2875.0,2669.0,1.0,402500.0,151.0,2804.0,,,4.0,3.0,"1058 Ashley Dr W, West Fargo, ND 58078",1058 Ashley Dr W,West Fargo,ND,58078,46.8023,-96.91999,,False,,,,
333884267,FOR_RENT,House for rent,,2150.0,1790.0,1.0,300400.0,168.0,2079.0,,,3.0,2.0,"6765 71st Ave S, Horace, ND 58047",6765 71st Ave S,Horace,ND,58047,46.780872,-96.90033,,False,,,,
2054877716,FOR_RENT,Apartment for rent,,775.0,664.0,1.0,,,811.0,,,2.0,1.0,"1108 27th Ave S #18, Grand Forks, ND 58201",1108 27th Ave S #18,Grand Forks,ND,58201,47.89424,-97.04247,,False,,,,
2052993989,FOR_RENT,Apartment for rent,,1095.0,1000.0,1.0,,,1081.0,,,3.0,1.0,"1521 E Rosser Ave #1, Bismarck, ND 58501",1521 E Rosser Ave #1,Bismarck,ND,58501,46.808193,-100.768326,,False,,,,
2089093818,FOR_RENT,Apartment for rent,,1300.0,,,,,1304.0,,,2.0,1.0,"300 7th St N APT 3, Fargo, ND 58102",300 7th St N APT 3,Fargo,ND,58102,46.87948,-96.791,,False,,,,
442385695,FOR_RENT,Apartment for rent,,750.0,,,,,,,,2.0,2.0,"623 E 6th St, Grafton, ND 58237",623 E 6th St,Grafton,ND,58237,48.41863,-97.400635,,False,,,,
2086895026,FOR_RENT,Townhouse for rent,,1100.0,1224.0,1.0,161100.0,132.0,973.0,,,2.0,1.0,"1007 12th St N, Fargo, ND 58102",1007 12th St N,Fargo,ND,58102,46.887108,-96.79652,,False,,,,
122405599,FOR_RENT,House for rent,,1100.0,1152.0,1.0,130200.0,113.0,1094.0,,,3.0,1.0,"634 E 2nd St, Grafton, ND 58237",634 E 2nd St,Grafton,ND,58237,48.422386,-97.40046,,False,,,,
2101015644,FOR_RENT,Apartment for rent,,1269.0,1074.0,1.0,,,1240.0,,,3.0,1.0,"1809 6th Ave N #B, Grand Forks, ND 58203",1809 6th Ave N #B,Grand Forks,ND,58203,47.924995,-97.05293,,False,,,,
234826684,FOR_RENT,House for rent,,1475.0,,,111600.0,,694.0,,,1.0,2.0,"1516 9th Ave N, Grand Forks, ND 58203",1516 9th Ave N,Grand Forks,ND,58203,47.92851,-97.04873,,False,,,,
337470938,FOR_RENT,Apartment for rent,,1900.0,674.0,3.0,,,1443.0,,,1.0,1.0,"419 3rd St N, Fargo, ND 58102",419 3rd St N,Fargo,ND,58102,46.880703,-96.782585,,False,,,,
452945420,FOR_RENT,Apartment for rent,,575.0,575.0,1.0,,,,,,1.0,1.0,"100 Van Slyck Avenue 2 - 8, 100 Van Slyck Ave, Stanton, ND 58571",100 Van Slyck Ave #2-8,Stanton,ND,58571,47.323185,-101.38469,,False,,,,
452138701,FOR_RENT,Apartment for rent,,895.0,,,,,,,,2.0,1.0,"726, 726 12th Ave W UNIT 2, West Fargo, ND 58078",726 12th Ave W UNIT 2,West Fargo,ND,58078,46.86401,-96.912834,,False,,,,
306556862,FOR_RENT,House for rent,,845.0,592.0,1.0,86200.0,146.0,761.0,,,1.0,1.0,"516 2nd St NE, Devils Lake, ND 58301",516 2nd St NE,Devils Lake,ND,58301,48.109417,-98.857834,,False,,,,
66546442,FOR_RENT,House for rent,,2795.0,2565.0,1.0,451400.0,176.0,2647.0,,,5.0,3.0,"1627 51st St S, Fargo, ND 58103",1627 51st St S,Fargo,ND,58103,46.85627,-96.87205,,False,,,,
234837305,FOR_RENT,House for rent,,1950.0,1395.0,1.0,242800.0,174.0,1700.0,,,3.0,2.0,"503 Hamline St, Grand Forks, ND 58203",503 Hamline St,Grand Forks,ND,58203,47.924488,-97.069626,,False,,,,
82388718,FOR_RENT,Townhouse for rent,,1300.0,1366.0,1.0,190900.0,140.0,1513.0,,,2.0,2.0,"1115 Westport Beach Way UNIT B, West Fargo, ND 58078",1115 Westport Beach Way UNIT B,West Fargo,ND,58078,46.817787,-96.920135,,False,,,,
454696122,FOR_RENT,Apartment for rent,,595.0,,,,,,,,1.0,1.0,"1020 10th Ave NW #8A, Minot, ND 58703",1020 10th Ave NW #8A,Minot,ND,58703,48.24612,-101.30935,,False,,,,
452793750,FOR_RENT,Apartment for rent,,2000.0,2520.0,1.0,,,,,,,1.0,"717 S 47th St #F, Grand Forks, ND 58203",717 S 47th St #F,Grand Forks,ND,58203,47.926662,-97.09662,,False,,,,
453890487,FOR_RENT,Apartment for rent,,1400.0,1200.0,1.0,,,,,,,1.0,"2975 Heartland Dr #17, Grand Forks, ND 58201",2975 Heartland Dr #17,Grand Forks,ND,58201,47.89159,-97.09115,,False,,,,
2086626283,FOR_RENT,Apartment for rent,,950.0,950.0,1.0,,,930.0,,,2.0,1.0,"920 3rd Ave S APT 2, Fargo, ND 58103",920 3rd Ave S APT 2,Fargo,ND,58103,46.871265,-96.7942,,False,,,,
217409873,FOR_RENT,House for rent,,2475.0,1800.0,1.0,332100.0,185.0,2007.0,,,3.0,2.0,"6970 Lincoln Rd, Bismarck, ND 58504",6970 Lincoln Rd,Bismarck,ND,58504,46.76694,-100.68166,,False,,,,
242473450,FOR_RENT,Townhouse for rent,,1450.0,1100.0,1.0,214500.0,195.0,1462.0,,,2.0,2.0,"5803 Victoria Ave UNIT B, Williston, ND 58801",5803 Victoria Ave UNIT B,Williston,ND,58801,48.256844,-103.65172,,False,,,,
220700322,FOR_RENT,Apartment for rent,,1400.0,1100.0,1.0,245200.0,223.0,1161.0,,,2.0,2.0,"1011 5th Ave SE, Minot, ND 58701",1011 5th Ave SE,Minot,ND,58701,48.231846,-101.27761,,False,,,,
449361489,FOR_RENT,House for rent,,2400.0,900.0,3.0,140700.0,156.0,,,,2.0,2.0,"215 W Railway St, Mercer, ND 58559",215 W Railway St,Mercer,ND,58559,47.49168,-100.71033,,False,,,,
440798845,FOR_RENT,Apartment for rent,,1325.0,,,,,,,,2.0,2.0,"2711 Marina Rd SE #5, Mandan, ND 58554",2711 Marina Rd SE #5,Mandan,ND,58554,46.800266,-100.82404,,False,,,,
339995332,FOR_RENT,Apartment for rent,,850.0,600.0,1.0,,,847.0,,,1.0,1.0,"619 4th Ave S #3, Grand Forks, ND 58201",619 4th Ave S #3,Grand Forks,ND,58201,47.91969,-97.022415,,False,,,,
2098417559,FOR_RENT,Apartment for rent,,1395.0,1100.0,1.0,,,1061.0,,,2.0,1.0,"1030 1/2 Summit Blvd, Bismarck, ND 58504",1030 1/2 Summit Blvd,Bismarck,ND,58504,46.80638,-100.80681,,False,,,,
453843770,FOR_RENT,Apartment for rent,,925.0,800.0,1.0,,,,,,2.0,1.0,"2004 E Divide Ave, Bismarck, ND 58501",2004 E Divide Ave,Bismarck,ND,58501,46.823875,-100.76115,,False,,,,
2089093558,FOR_RENT,Apartment for rent,,700.0,510.0,1.0,,,893.0,,,1.0,1.0,"308 7th St N APT 1, Fargo, ND 58102",308 7th St N APT 1,Fargo,ND,58102,46.879623,-96.79103,,False,,,,
2066023650,FOR_RENT,House for rent,,1800.0,2150.0,1.0,301900.0,140.0,1676.0,,,3.0,2.0,"723 N 6th St, Bismarck, ND 58501",723 N 6th St,Bismarck,ND,58501,46.812523,-100.78251,,False,,,,
2065464664,FOR_RENT,Apartment for rent,,525.0,,,,,675.0,,,2.0,1.0,"101 9th St S, Hettinger, ND 58639",101 9th St S,Hettinger,ND,58639,46.000156,-102.63119,,False,,,,
114511012,FOR_RENT,House for rent,,3000.0,2628.0,1.0,419200.0,160.0,3281.0,,,4.0,2.0,"417 9th St E, Williston, ND 58801",417 9th St E,Williston,ND,58801,48.15339,-103.616,,False,,,,
66543646,FOR_RENT,House for rent,,2500.0,2520.0,1.0,336200.0,133.0,2743.0,,,7.0,3.0,"1314 9th St N, Fargo, ND 58102",1314 9th St N,Fargo,ND,58102,46.893364,-96.792656,,False,,,,
217404803,FOR_RENT,Townhouse for rent,,3100.0,2280.0,1.0,386200.0,169.0,3199.0,,,4.0,3.0,"1108 E Lasalle Dr, Bismarck, ND 58503",1108 E Lasalle Dr,Bismarck,ND,58503,46.86042,-100.775925,,False,,,,
325558645,FOR_RENT,House for rent,,3300.0,3035.0,1.0,494100.0,163.0,3067.0,,,5.0,3.0,"3100 44th Ave S, Grand Forks, ND 58201",3100 44th Ave S,Grand Forks,ND,58201,47.878315,-97.07147,,False,,,,
66534932,FOR_RENT,House for rent,,1900.0,,,269100.0,,1924.0,,,4.0,2.0,"1530 11th St N, Fargo, ND 58102",1530 11th St N,Fargo,ND,58102,46.89873,-96.79553,,False,,,,
446002143,FOR_RENT,Townhouse for rent,,2800.0,1810.0,2.0,300400.0,166.0,,,,3.0,3.0,"2909 29th Ave W #2909, Williston, ND 58801",2909 29th Ave W #2909,Williston,ND,58801,48.171932,-103.66309,,False,,,,
66543591,FOR_RENT,House for rent,,2200.0,2255.0,1.0,293800.0,130.0,2034.0,,,4.0,2.0,"1231 8th St N, Fargo, ND 58102",1231 8th St N,Fargo,ND,58102,46.891502,-96.79028,,False,,,,
2086836873,FOR_RENT,Townhouse for rent,,1650.0,1128.0,1.0,180000.0,160.0,1363.0,,,2.0,2.0,"502 Oak St N, Fargo, ND 58102",502 Oak St N,Fargo,ND,58102,46.88137,-96.77897,,False,,,,
117909603,FOR_RENT,House for rent,,2400.0,1806.0,1.0,200600.0,111.0,1637.0,,,3.0,1.0,"309 5th St SE, Jamestown, ND 58401",309 5th St SE,Jamestown,ND,58401,46.904327,-98.70515,,False,,,,
82537834,FOR_RENT,House for rent,,1650.0,1904.0,1.0,205000.0,108.0,1408.0,,,3.0,2.0,"1105 2nd Ave S, Fargo, ND 58103",1105 2nd Ave S,Fargo,ND,58103,46.873096,-96.796234,,False,,,,
243792505,FOR_RENT,Apartment for rent,,850.0,750.0,1.0,,,788.0,,,2.0,1.0,"100 11th St NE, Hazen, ND 58545",100 11th St NE,Hazen,ND,58545,47.306107,-101.626884,,False,,,,
249192085,FOR_RENT,House for rent,,1750.0,2496.0,1.0,157400.0,63.0,2479.0,,,3.0,2.0,"639 S Main Ave, Dickinson, ND 58601",639 S Main Ave,Dickinson,ND,58601,46.865356,-102.78917,,False,,,,
66533918,FOR_RENT,House for rent,,1950.0,1600.0,1.0,253900.0,159.0,1815.0,,,4.0,2.0,"413 Elmwood Ave S, Fargo, ND 58103",413 Elmwood Ave S,Fargo,ND,58103,46.857315,-96.785416,,False,,,,
78403592,FOR_RENT,House for rent,,3200.0,2476.0,1.0,315900.0,128.0,2677.0,,,5.0,3.0,"1032 Boyd Dr, Grand Forks, ND 58203",1032 Boyd Dr,Grand Forks,ND,58203,47.92959,-97.07758,,False,,,,
2054870004,FOR_RENT,House for rent,,3500.0,,,379000.0,,2245.0,,,4.0,2.0,"1020 David Dr, Grand Forks, ND 58201",1020 David Dr,Grand Forks,ND,58201,47.863777,-97.04171,,False,,,,
2061051220,FOR_RENT,House for rent,,3500.0,2183.0,2.0,373100.0,171.0,2416.0,,,4.0,2.0,"1753 Tobi Ln, Grand Forks, ND 58201",1753 Tobi Ln,Grand Forks,ND,58201,47.88022,-97.05278,,False,,,,
325558706,FOR_RENT,House for rent,,3500.0,2200.0,2.0,359800.0,164.0,2263.0,,,3.0,3.0,"5591 Lou Ann St, Grand Forks, ND 58201",5591 Lou Ann St,Grand Forks,ND,58201,47.866898,-97.04041,,False,,,,
2054931915,FOR_RENT,House for rent,,4000.0,3200.0,1.0,455000.0,142.0,3325.0,,,4.0,3.0,"372 Wren Dr, Grand Forks, ND 58201",372 Wren Dr,Grand Forks,ND,58201,47.861202,-97.03042,,False,,,,
2056199876,FOR_RENT,Apartment for rent,,750.0,950.0,1.0,,,1042.0,,,2.0,1.0,"2833 19th Ave S, Grand Forks, ND 58201",2833 19th Ave S,Grand Forks,ND,58201,47.901817,-97.06814,,False,,,,
455531923,FOR_RENT,Apartment for rent,,895.0,1100.0,1.0,,,,,,2.0,1.0,"1338 17th St S #2, Fargo, ND 58103",1338 17th St S #2,Fargo,ND,58103,46.86016,-96.808586,,False,,,,
234835412,FOR_RENT,House for rent,,2000.0,1904.0,1.0,227100.0,119.0,2041.0,,,4.0,2.0,"618 N Columbia Rd, Grand Forks, ND 58203",618 N Columbia Rd,Grand Forks,ND,58203,47.926144,-97.06608,,False,,,,
455532909,FOR_RENT,Apartment for rent,,650.0,,,,,,,,1.0,1.0,"1110 13th Ave N #2, Fargo, ND 58102",1110 13th Ave N #2,Fargo,ND,58102,46.89253,-96.795746,,False,,,,
442016102,FOR_RENT,Apartment for rent,,1300.0,1188.0,1.0,,,,,,3.0,1.0,"1609 11th Ave N #1, Fargo, ND 58102",1609 11th Ave N #1,Fargo,ND,58102,46.888847,-96.80674,,False,,,,
234830314,FOR_RENT,Townhouse for rent,,1800.0,1672.0,1.0,344900.0,206.0,1600.0,,,2.0,2.0,"2535 Pembrooke Dr, Grand Forks, ND 58201",2535 Pembrooke Dr,Grand Forks,ND,58201,47.88514,-97.06334,,False,,,,
66534916,FOR_RENT,House for rent,,2300.0,1592.0,1.0,248100.0,156.0,1928.0,,,4.0,2.0,"1533 11th St N, Fargo, ND 58102",1533 11th St N,Fargo,ND,58102,46.89887,-96.794685,,False,,,,
440195924,FOR_RENT,Apartment for rent,,750.0,,,,,,,,1.0,1.0,"1119 E Thayer Ave #1, Bismarck, ND 58501",1119 E Thayer Ave #1,Bismarck,ND,58501,46.807278,-100.77445,,False,,,,
123823572,FOR_RENT,House for rent,,3000.0,2304.0,1.0,464300.0,202.0,2782.0,,,4.0,3.0,"1036 50th Ave W, West Fargo, ND 58078",1036 50th Ave W,West Fargo,ND,58078,46.808044,-96.92124,,False,,,,
448179629,FOR_RENT,Townhouse for rent,,3100.0,2280.0,1.0,364000.0,160.0,,,,4.0,3.0,"1114 E Lasalle Dr, Bismarck, ND 58503",1114 E Lasalle Dr,Bismarck,ND,58503,46.86008,-100.77558,,False,,,,
2097190095,FOR_RENT,Apartment for rent,,830.0,950.0,1.0,,,755.0,,,2.0,1.0,"1205 26th Ave S APT 4, Fargo, ND 58103",1205 26th Ave S APT 4,Fargo,ND,58103,46.84021,-96.79716,,False,,,,
220692073,FOR_RENT,Townhouse for rent,,2100.0,1844.0,1.0,286500.0,155.0,1982.0,,,4.0,2.0,"3123 8th St NE, Minot, ND 58703",3123 8th St NE,Minot,ND,58703,48.26927,-101.28135,,False,,,,
234830329,FOR_RENT,House for rent,,3000.0,,,351900.0,,1502.0,,,4.0,2.0,"3890 Haleigh Dr, Grand Forks, ND 58201",3890 Haleigh Dr,Grand Forks,ND,58201,47.882816,-97.06288,,False,,,,
2057991847,FOR_RENT,Apartment for rent,,699.0,1200.0,1.0,,,1068.0,,,3.0,2.0,"60 2nd St SW #26, South Heart, ND 58655",60 2nd St SW #26,South Heart,ND,58655,46.86165,-102.98882,,False,,,,
2056360611,FOR_RENT,Apartment for rent,,1350.0,1125.0,1.0,,,977.0,,,3.0,1.0,"529 Oxford St #1, Grand Forks, ND 58203",529 Oxford St #1,Grand Forks,ND,58203,47.92553,-97.07431,,False,,,,
447545900,FOR_RENT,Apartment for rent,,895.0,,,,,,,,2.0,1.0,"404 Oak St, Grand Forks, ND 58201",404 Oak St,Grand Forks,ND,58201,47.918198,-97.03769,,False,,,,
455179354,FOR_RENT,Apartment for rent,,900.0,950.0,1.0,,,,,,1.0,1.0,"1221 10th Ave N #2, Fargo, ND 58102",1221 10th Ave N #2,Fargo,ND,58102,46.886997,-96.79796,,False,,,,
455155967,FOR_RENT,Apartment for rent,,775.0,665.0,1.0,,,,,,2.0,1.0,"1108 27th Ave S #2, Grand Forks, ND 58201",1108 27th Ave S #2,Grand Forks,ND,58201,47.89425,-97.04248,,False,,,,
2057699688,FOR_RENT,Townhouse for rent,,1400.0,1334.0,1.0,171800.0,129.0,1426.0,,,2.0,2.0,"2827 North Broadway, Minot, ND 58703",2827 North Broadway,Minot,ND,58703,48.266792,-101.29694,,False,,,,
339533030,FOR_RENT,House for rent,,2795.0,2100.0,1.0,356900.0,170.0,2218.0,,,4.0,2.0,"6437 83rd Ave S, Horace, ND 58047",6437 83rd Ave S,Horace,ND,58047,46.767117,-96.89933,,False,,,,
455131471,FOR_RENT,Apartment for rent,,825.0,800.0,1.0,,,,,,2.0,1.0,"1704 Oak St #2, Grand Forks, ND 58201",1704 Oak St #2,Grand Forks,ND,58201,47.903694,-97.03757,,False,,,,
2071673767,FOR_RENT,Apartment for rent,,875.0,864.0,1.0,,,866.0,,,2.0,1.0,"111 Cottonwood St #9, Grand Forks, ND 58201",111 Cottonwood St #9,Grand Forks,ND,58201,47.921024,-97.03284,,False,,,,
2070906124,FOR_RENT,Apartment for rent,,875.0,864.0,1.0,,,866.0,,,2.0,1.0,"111 Cottonwood St #12, Grand Forks, ND 58201",111 Cottonwood St #12,Grand Forks,ND,58201,47.921032,-97.03285,,False,,,,
455046614,FOR_RENT,Townhouse for rent,,2000.0,,,276000.0,,,,,5.0,2.0,"1503 32nd Ave SW, Minot, ND 58701",1503 32nd Ave SW,Minot,ND,58701,48.202236,-101.31526,,False,,,,
303859081,FOR_RENT,House for rent,,1595.0,2700.0,1.0,311900.0,116.0,1614.0,,,4.0,3.0,"521 6th Ave NE, Devils Lake, ND 58301",521 6th Ave NE,Devils Lake,ND,58301,48.113506,-98.85756,,False,,,,
349777532,FOR_RENT,Apartment for rent,,495.0,,,,,966.0,,,1.0,1.0,"1730 1st St SW, 1730 1st St SW #8, Minot, ND 58701",1730 1st St SW #8,Minot,ND,58701,48.214985,-101.29504,,False,,,,
2094046427,FOR_RENT,Apartment for rent,,990.0,,,,,1245.0,,,3.0,1.0,"315 Hamline St APT 2, Grand Forks, ND 58203",315 Hamline St APT 2,Grand Forks,ND,58203,47.923374,-97.06962,,False,,,,
438787243,FOR_RENT,Apartment for rent,,550.0,,,,,,,,1.0,1.0,"202 S 5th St APT 2, Glen Ullin, ND 58631",202 S 5th St APT 2,Glen Ullin,ND,58631,46.81439,-101.83552,,False,,,,
452944734,FOR_RENT,Apartment for rent,,750.0,920.0,1.0,,,,,,2.0,1.0,"1002 Beaumont Drive - 10, 1002 Beaumont Dr, Hazen, ND 58545",1002 Beaumont Dr #10,Hazen,ND,58545,47.30341,-101.6309,,False,,,,
2088004424,FOR_RENT,Apartment for rent,,800.0,740.0,1.0,,,1221.0,,,2.0,1.0,"713 3rd Ave N #2, Fargo, ND 58102",713 3rd Ave N #2,Fargo,ND,58102,46.879517,-96.79127,,False,,,,
119973102,FOR_RENT,Townhouse for rent,,1850.0,1875.0,1.0,284400.0,152.0,1761.0,,,3.0,2.0,"1669 51st St S, Fargo, ND 58103",1669 51st St S,Fargo,ND,58103,46.855335,-96.87137,,False,,,,
453532556,FOR_RENT,Townhouse for rent,,1550.0,1988.0,1.0,210800.0,106.0,,,,3.0,2.0,"1510 25th Ave S #1510, Fargo, ND 58103",1510 25th Ave S #1510,Fargo,ND,58103,46.843193,-96.804756,,False,,,,
78408999,FOR_RENT,Townhouse for rent,,1695.0,1226.0,1.0,,,1594.0,,,3.0,2.0,"629 41st Ave S, Grand Forks, ND 58201",629 41st Ave S,Grand Forks,ND,58201,47.880196,-97.03578,,False,,,,
2084695879,FOR_RENT,Apartment for rent,,900.0,810.0,1.0,,,935.0,,,2.0,1.0,"1010 15th St N APT 2, Fargo, ND 58102",1010 15th St N APT 2,Fargo,ND,58102,46.887253,-96.80508,,False,,,,
453366500,FOR_RENT,Apartment for rent,,3000.0,3000.0,1.0,,,,,,3.0,3.0,"355 2nd St NW APT 506, Valley City, ND 58072",355 2nd St NW APT 506,Valley City,ND,58072,46.92402,-98.00689,,False,,,,
353507958,FOR_RENT,Apartment for rent,,800.0,682.0,1.0,,,789.0,,,2.0,1.0,"JPP-704, 704 Roberts Ave NW #2, Cooperstown, ND 58425",704 Roberts Ave NW #2,Cooperstown,ND,58425,47.445618,-98.12688,,False,,,,
66887395,FOR_RENT,House for rent,,2595.0,2117.0,1.0,313700.0,148.0,2359.0,,,4.0,2.0,"2110 59th Ave S, Fargo, ND 58104",2110 59th Ave S,Fargo,ND,58104,46.79429,-96.813484,,False,,,,
66546443,FOR_RENT,House for rent,,2595.0,2200.0,1.0,364300.0,166.0,2246.0,,,4.0,2.0,"1631 51st St S, Fargo, ND 58103",1631 51st St S,Fargo,ND,58103,46.856293,-96.87164,,False,,,,
2093390784,FOR_RENT,Apartment for rent,,785.0,848.0,1.0,,,718.0,,,2.0,1.0,"2513 W Country Club Dr S APT 4, Fargo, ND 58103",2513 W Country Club Dr S APT 4,Fargo,ND,58103,46.84109,-96.795944,,False,,,,
351515442,FOR_RENT,Apartment for rent,,650.0,,,,,738.0,,,1.0,1.0,"411 E Market St #17, Center, ND 58530",411 E Market St #17,Center,ND,58530,47.11431,-101.29432,,False,,,,
118417462,FOR_RENT,Townhouse for rent,,1850.0,1875.0,1.0,273500.0,146.0,1729.0,,,3.0,2.0,"1845 50th St S, Fargo, ND 58103",1845 50th St S,Fargo,ND,58103,46.851433,-96.870766,,False,,,,
346231355,FOR_RENT,Apartment for rent,,1025.0,,,,,978.0,,,1.0,1.0,"3011 Marina Rd SE #12, Mandan, ND 58554",3011 Marina Rd SE #12,Mandan,ND,58554,46.79884,-100.82396,,False,,,,
450821042,FOR_RENT,Apartment for rent,,650.0,,,,,,,,1.0,1.0,"419 1/2 Roberts St #3, Fargo, ND 58102",419 1/2 Roberts St #3,Fargo,ND,58102,46.878475,-96.78937,,False,,,,
2095001505,FOR_RENT,Apartment for rent,,700.0,800.0,1.0,,,809.0,,,2.0,1.0,"1315 10th Ave N APT 4, Fargo, ND 58102",1315 10th Ave N APT 4,Fargo,ND,58102,46.887104,-96.798996,,False,,,,
66536332,FOR_RENT,House for rent,,1400.0,864.0,2.0,158200.0,183.0,979.0,,,2.0,1.0,"1445 2nd Ave S, Fargo, ND 58103",1445 2nd Ave S,Fargo,ND,58103,46.87328,-96.80346,,False,,,,
442017933,FOR_RENT,Apartment for rent,,895.0,,,,,,,,1.0,1.0,"420 Broadway N #2, Fargo, ND 58102",420 Broadway N #2,Fargo,ND,58102,46.880737,-96.78821,,False,,,,
66549869,FOR_RENT,House for rent,,1900.0,1780.0,1.0,281400.0,158.0,1869.0,,,4.0,2.0,"5739 20th St S, Fargo, ND 58104",5739 20th St S,Fargo,ND,58104,46.79656,-96.812706,,False,,,,
2081073708,FOR_RENT,Apartment for rent,,800.0,700.0,1.0,,,805.0,,,2.0,1.0,"1140 11th St N APT 1, Fargo, ND 58102",1140 11th St N APT 1,Fargo,ND,58102,46.889942,-96.79572,,False,,,,
452944912,FOR_RENT,Apartment for rent,,600.0,700.0,1.0,,,,,,2.0,1.0,"Maddock 205 Central Avenue - 7, 205 Central Ave, Maddock, ND 58348",205 Central Ave #7,Maddock,ND,58348,47.961426,-99.52991,,False,,,,
2102758020,FOR_RENT,Apartment for rent,,1100.0,530.0,2.0,,,917.0,,,1.0,1.0,"305 Broadway N APT 205, Fargo, ND 58102",305 Broadway N APT 205,Fargo,ND,58102,46.879395,-96.787254,,False,,,,
347187605,FOR_RENT,Apartment for rent,,1399.0,,,,,1500.0,,,3.0,2.0,"601 Meadow Ridge Loop NW #311, Mandan, ND 58554",601 Meadow Ridge Loop NW #311,Mandan,ND,58554,46.849373,-100.89817,,False,,,,
123901811,FOR_RENT,House for rent,,1800.0,836.0,2.0,243900.0,292.0,1323.0,,,3.0,2.0,"2509 Amber Valley Ct S, Fargo, ND 58104",2509 Amber Valley Ct S,Fargo,ND,58104,46.841515,-96.876205,,False,,,,
78410446,FOR_RENT,House for rent,,2800.0,2804.0,1.0,325200.0,116.0,2772.0,,,4.0,3.0,"3614 11th Ave N, Grand Forks, ND 58203",3614 11th Ave N,Grand Forks,ND,58203,47.929886,-97.08206,,False,,,,
345648434,FOR_RENT,Apartment for rent,,550.0,550.0,1.0,,,634.0,,,1.0,1.0,"500 Frontage Road - 2W, 500 Frontage Rd, Elgin, ND 58533",500 Frontage Rd #2W,Elgin,ND,58533,46.405888,-101.83948,,False,,,,
2053188324,FOR_RENT,Apartment for rent,,630.0,680.0,1.0,,,704.0,,,2.0,1.0,"405 5th Ave NE #304, Rolette, ND 58366",405 5th Ave NE #304,Rolette,ND,58366,48.66497,-99.846405,,False,,,,
2084406785,FOR_RENT,Apartment for rent,,575.0,385.0,1.0,,,824.0,,,,1.0,"1002 15th St N APT 203, Fargo, ND 58102",1002 15th St N APT 203,Fargo,ND,58102,46.887047,-96.805084,,False,,,,
66547267,FOR_RENT,House for rent,,1700.0,,,181300.0,,2004.0,,,5.0,3.0,"904 12th St N, Fargo, ND 58102",904 12th St N,Fargo,ND,58102,46.886116,-96.797195,,False,,,,
333884295,FOR_RENT,House for rent,,2595.0,1632.0,2.0,372400.0,228.0,2550.0,,,3.0,3.0,"6729 71st Ave S, Horace, ND 58047",6729 71st Ave S,Horace,ND,58047,46.780884,-96.89867,,False,,,,
2095421698,FOR_RENT,Apartment for rent,,850.0,,,,,795.0,,,1.0,1.0,"717 8th Ave N APT 4, Fargo, ND 58102",717 8th Ave N APT 4,Fargo,ND,58102,46.884968,-96.79024,,False,,,,
2091953123,FOR_RENT,Apartment for rent,,950.0,995.0,1.0,,,1027.0,,,2.0,1.0,"2816 S 17th St APT 301, Grand Forks, ND 58201",2816 S 17th St APT 301,Grand Forks,ND,58201,47.892467,-97.05173,,False,,,,
78389726,FOR_RENT,House for rent,,950.0,950.0,1.0,284800.0,300.0,1311.0,,,2.0,1.0,"527 S 12th St, Bismarck, ND 58504",527 S 12th St,Bismarck,ND,58504,46.80004,-100.773674,,False,,,,
2061736436,FOR_RENT,Apartment for rent,,950.0,,,,,908.0,,,2.0,1.0,"Focht, 428 2nd Ave E #3, Dickinson, ND 58601",428 2nd Ave E #3,Dickinson,ND,58601,46.883156,-102.78158,,False,,,,
435738138,FOR_RENT,Apartment for rent,,750.0,,,,,,,,,1.0,"120 Main St E, 120 E Main Ave #D, South Heart, ND 58655",120 E Main Ave #D,South Heart,ND,58655,46.861893,-102.986084,,False,,,,
455291494,FOR_RENT,Apartment for rent,,950.0,,,,,,,,3.0,1.0,"1201/1205 11 1/2 Street North - 1, 1201 11 1/2 St N, Fargo, ND 58102",1201 11 1/2 St N #1,Fargo,ND,58102,46.89069,-96.795815,,False,,,,
2087782170,FOR_RENT,Apartment for rent,,1350.0,,,,,1264.0,,,3.0,2.0,"Rysewyk 8-plex, 209 2nd St SE APT 1D, Belfield, ND 58622",209 2nd St SE APT 1D,Belfield,ND,58622,46.881927,-103.19921,,False,,,,
2057309561,FOR_RENT,Apartment for rent,,1255.0,1108.0,1.0,,,1928.0,,,2.0,1.0,"Candle Park West Townhomes - 1801, 1801 34th St S #30F4A7398, Fargo, ND 58103",1801 34th St S #30F4A7398,Fargo,ND,58103,46.851845,-96.83693,,False,,,,
439972236,FOR_RENT,Apartment for rent,,695.0,,,,,,,,1.0,1.0,"1502 21st Ave S UNIT 206, Fargo, ND 58103",1502 21st Ave S UNIT 206,Fargo,ND,58103,46.846783,-96.80432,,False,,,,
441820367,FOR_RENT,Apartment for rent,,1275.0,900.0,1.0,,,,,,2.0,1.0,"2 bed, 1.0 bath, 900 sqft, $1,275, 205 8th Ave NW, Mandan, ND 58554",205 8th Ave NW #0,Mandan,ND,58554,46.82631,-100.90218,,False,,,,
455323589,FOR_RENT,Apartment for rent,,825.0,800.0,1.0,,,,,,2.0,1.0,"Darcy's, 1416 142610th Ave #7, Grand Forks, ND 58203",1416 142610th Ave #7,Grand Forks,ND,58203,47.97193,-97.14574,,False,,,,
2085679763,FOR_RENT,Apartment for rent,,795.0,,,,,852.0,,,2.0,1.0,"1502 21st Ave S APT 207, Fargo, ND 58103",1502 21st Ave S APT 207,Fargo,ND,58103,46.846775,-96.80431,,False,,,,
455109357,FOR_RENT,Apartment for rent,,700.0,900.0,1.0,,,,,,1.0,1.0,"Chevelle Apartments, 301 30th Ave N #204, Fargo, ND 58102",301 30th Ave N #204,Fargo,ND,58102,46.917156,-96.78378,,False,,,,
455250888,FOR_RENT,House for rent,,800.0,,,,,,,,3.0,1.0,"214 1st St SE, Halliday, ND 58636",214 1st St SE,Halliday,ND,58636,47.35344,-102.3337,,False,,,,
346970887,FOR_RENT,Apartment for rent,,785.0,910.0,1.0,,,849.0,,,2.0,1.0,"Woodbury I Apartments, 2709 & 2731 15th St S #303, Fargo, ND 58103",2709 & 2731 15th St S #303,Fargo,ND,58103,46.865242,-96.80377,,False,,,,
455035156,FOR_RENT,House for rent,,2595.0,1289.0,2.0,223600.0,173.0,,,,2.0,2.0,"2512 Aquarius Ave SE, Mandan, ND 58554",2512 Aquarius Ave SE,Mandan,ND,58554,46.802,-100.83981,,False,,,,
455035151,FOR_RENT,Townhouse for rent,,2595.0,1289.0,2.0,222000.0,172.0,,,,2.0,2.0,"2516 Aquarius Ave SE, Mandan, ND 58554",2516 Aquarius Ave SE,Mandan,ND,58554,46.801895,-100.83981,,False,,,,
455035155,FOR_RENT,Townhouse for rent,,2695.0,1391.0,2.0,234500.0,169.0,,,,3.0,2.0,"2504 Aquarius Ave SE, Mandan, ND 58554",2504 Aquarius Ave SE,Mandan,ND,58554,46.802223,-100.83982,,False,,,,
2095547905,FOR_RENT,Apartment for rent,,900.0,900.0,1.0,257800.0,286.0,952.0,,,2.0,1.0,"1827 East Capitol Ave., 1827 E Capitol Ave APT 6, Bismarck, ND 58501",1827 E Capitol Ave APT 6,Bismarck,ND,58501,46.82845,-100.76342,,False,,,,
455347585,FOR_RENT,Apartment for rent,,750.0,,,,,,,,2.0,1.0,"614 11th Ave SW APT 3, Valley City, ND 58072",614 11th Ave SW APT 3,Valley City,ND,58072,46.917576,-98.0179,,False,,,,
306608249,FOR_RENT,Townhouse for rent,,2595.0,1608.0,2.0,309200.0,192.0,1972.0,,,3.0,4.0,"1121 9th St SW, Watford City, ND 58854",1121 9th St SW,Watford City,ND,58854,47.789524,-103.294975,,False,,,,
442593428,FOR_RENT,Apartment for rent,,940.0,860.0,1.0,,,,,,2.0,1.0,"GC Apartments 2513, 2513 Knight Dr, Grand Forks, ND 58201",2513 Knight Dr #2B-1BA-860SQFT,Grand Forks,ND,58201,47.905067,-97.064575,,False,,,,
455165070,FOR_RENT,Apartment for rent,,700.0,,,,,,,,2.0,1.0,"809 Oak St APT 3, Lisbon, ND 58054",809 Oak St APT 3,Lisbon,ND,58054,46.43842,-97.68271,,False,,,,
122400809,FOR_RENT,House for rent,,1725.0,,,185500.0,,1286.0,,,2.0,2.0,"638 4th St W, Dickinson, ND 58601",638 4th St W,Dickinson,ND,58601,46.883423,-102.79526,,False,,,,
455323680,FOR_RENT,Apartment for rent,,840.0,,,,,,,,1.0,1.0,"Mark V Apartments, 2316 E Broadway Ave #8, Bismarck, ND 58501",2316 E Broadway Ave #8,Bismarck,ND,58501,46.806423,-100.75622,,False,,,,
2060800191,FOR_RENT,House for rent,,2600.0,1488.0,2.0,309300.0,208.0,1966.0,,,3.0,2.0,"7581 23rd St S, Fargo, ND 58104",7581 23rd St S,Fargo,ND,58104,46.774887,-96.816864,,False,,,,
2080082768,FOR_RENT,Apartment for rent,,1895.0,1790.0,1.0,,,1877.0,,,3.0,2.0,"2420 5th St W #C, West Fargo, ND 58078",2420 5th St W #C,West Fargo,ND,58078,46.84215,-96.91065,,False,,,,
352343324,FOR_RENT,Apartment for rent,,625.0,650.0,1.0,,,856.0,,,1.0,1.0,"Elm Creek Apartments - West Fargo, 517 6th St E #16, West Fargo, ND 58078",517 6th St E #16,West Fargo,ND,58078,46.87119,-96.889595,,False,,,,
455035145,FOR_RENT,Townhouse for rent,,2695.0,1391.0,2.0,234500.0,169.0,,,,3.0,2.0,"2508 Aquarius Ave SE, Mandan, ND 58554",2508 Aquarius Ave SE,Mandan,ND,58554,46.802105,-100.83981,,False,,,,
454855902,FOR_RENT,Apartment for rent,,795.0,,,,,,,,2.0,1.0,"2913 8 ST N - 2, 2913 8th St N, Fargo, ND 58102",2913 8th St N #2,Fargo,ND,58102,46.914463,-96.78944,,False,,,,
454794140,FOR_RENT,Apartment for rent,,1050.0,,,,,,,,2.0,1.0,"2822 8th St N #3, Fargo, ND 58102",2822 8th St N #3,Fargo,ND,58102,46.913265,-96.79018,,False,,,,
229621794,FOR_RENT,House for rent,,2295.0,1554.0,1.0,375900.0,242.0,2398.0,,,3.0,3.0,"3720 24th St SE, Mandan, ND 58554",3720 24th St SE,Mandan,ND,58554,46.803,-100.84281,,False,,,,
349021149,FOR_RENT,House for rent,,1495.0,1200.0,1.0,275100.0,229.0,1557.0,,,3.0,2.0,"1316 18th St W APT 26, Williston, ND 58801",1316 18th St W APT 26,Williston,ND,58801,48.162914,-103.64332,,False,,,,
2056453302,FOR_RENT,Apartment for rent,,795.0,850.0,1.0,,,761.0,,,2.0,1.0,"1824 14th St S APT 2, Fargo, ND 58103",1824 14th St S APT 2,Fargo,ND,58103,46.85073,-96.801125,,False,,,,
234409477,FOR_RENT,House for rent,,1410.0,,,,,1522.0,,,4.0,2.0,"218 2nd St SW, Belfield, ND 58622",218 2nd St SW,Belfield,ND,58622,46.881863,-103.20134,,False,,,,
243413400,FOR_RENT,House for rent,,2345.0,2043.0,1.0,414600.0,203.0,2684.0,,,3.0,4.0,"4412 Serenity Ct, City Of Bismarck, ND 58503",4412 Serenity Ct,City Of Bismarck,ND,58503,46.851784,-100.797874,,False,,,,
455097961,FOR_RENT,Townhouse for rent,,1388.0,1093.0,1.0,215900.0,198.0,,,,2.0,2.0,"1878 17th Ave N #35, Wahpeton, ND 58075",1878 17th Ave N #35,Wahpeton,ND,58075,46.287643,-96.63028,,False,,,,
352194434,FOR_RENT,Apartment for rent,,650.0,,,,,737.0,,,2.0,1.0,"1050 Front St #4, Casselton, ND 58012",1050 Front St #4,Casselton,ND,58012,46.900467,-97.20513,,False,,,,
2091936972,FOR_RENT,Apartment for rent,,650.0,,,,,650.0,,,1.0,1.0,"Real Salem, 201 S 3rd St APT 8, New Salem, ND 58563",201 S 3rd St APT 8,New Salem,ND,58563,46.84101,-101.40887,,False,,,,
2053524075,FOR_RENT,Townhouse for rent,,1625.0,1242.0,1.0,,,1491.0,,,2.0,2.0,"356 Little Rock Ct #B, Bismarck, ND 58503",356 Little Rock Ct #B,Bismarck,ND,58503,46.851017,-100.78805,,False,,,,
348163320,FOR_RENT,Apartment for rent,,2500.0,1884.0,1.0,,,2654.0,,,3.0,2.0,"Legacy - GST Investments LLC, 1863-1867 63rd Ave S #AF066F493, Fargo, ND 58104",1863-1867 63rd Ave S #AF066F493,Fargo,ND,58104,46.801125,-96.89209,,False,,,,
2056141604,FOR_RENT,Townhouse for rent,,2200.0,1856.0,1.0,267600.0,144.0,2137.0,,,4.0,3.0,"806 United Dr #1, Horace, ND 58047",806 United Dr #1,Horace,ND,58047,46.7603,-96.89113,,False,,,,
2090786752,FOR_RENT,Apartment for rent,,875.0,750.0,1.0,,,920.0,,,2.0,1.0,"2918 S 17th St APT 304, Grand Forks, ND 58201",2918 S 17th St APT 304,Grand Forks,ND,58201,47.891758,-97.051956,,False,,,,
443792149,FOR_RENT,Apartment for rent,,785.0,900.0,1.0,,,,,,2.0,1.0,"Welcome to your new home at 1350 12th St N!, 1350 12th St N #2, Wahpeton, ND 58075",1350 12th St N #2,Wahpeton,ND,58075,46.277916,-96.61716,,False,,,,
217387001,FOR_RENT,Apartment for rent,,1400.0,,,249400.0,,1058.0,,,2.0,1.0,"825 N 16th St, Bismarck, ND 58501",825 N 16th St,Bismarck,ND,58501,46.8136,-100.76747,,False,,,,
339533280,FOR_RENT,House for rent,,3300.0,2590.0,1.0,447100.0,173.0,2667.0,,,4.0,3.0,"7327 Madelyn Ln S, Fargo, ND 58104",7327 Madelyn Ln S,Fargo,ND,58104,46.77771,-96.82093,,False,,,,
454895001,FOR_RENT,Apartment for rent,,850.0,800.0,1.0,,,,,,2.0,1.0,"Valley South 1040 5th St SE, 1040 5th St SE #203, Valley City, ND 58072",1040 5th St SE #203,Valley City,ND,58072,46.919186,-97.98838,,False,,,,
454860707,FOR_RENT,Apartment for rent,,1200.0,1000.0,1.0,,,,,,3.0,1.0,"426 Shirley Street, 426 Shirley St #106, Bismarck, ND 58504",426 Shirley St #106,Bismarck,ND,58504,46.80992,-100.813896,,False,,,,
2078722411,FOR_RENT,Apartment for rent,,1400.0,1900.0,1.0,,,1396.0,,,4.0,2.0,"Eagle View - 1621, 1621 8th St N #309/311, Wahpeton, ND 58075",1621 8th St N #309/311,Wahpeton,ND,58075,46.283566,-96.61134,,False,,,,
402050621,FOR_RENT,Apartment for rent,,1295.0,1200.0,1.0,,,,,,3.0,1.0,"1139-1141 10th Ave N #1141A, Fargo, ND 58102",1139-1141 10th Ave N #1141A,Fargo,ND,58102,46.88687,-96.82295,,False,,,,
2054925025,FOR_RENT,Apartment for rent,,600.0,500.0,1.0,,,684.0,,,1.0,1.0,"1502 Dyke Ave #2, Grand Forks, ND 58203",1502 Dyke Ave #2,Grand Forks,ND,58203,47.919407,-97.04815,,False,,,,
2099136990,FOR_RENT,House for rent,,2410.0,1676.0,1.0,296700.0,177.0,1871.0,,,3.0,3.0,"112 Central Ave, South Heart, ND 58655",112 Central Ave,South Heart,ND,58655,46.866577,-102.98436,,False,,,,
454976797,FOR_RENT,Apartment for rent,,595.0,,,,,,,,,1.0,"1258 10th Street North - 205, 1258 10th St N, Fargo, ND 58102",1258 10th St N #205,Fargo,ND,58102,46.89261,-96.79418,,False,,,,
352398060,FOR_RENT,Townhouse for rent,,1900.0,1707.0,1.0,337900.0,198.0,1945.0,,,3.0,3.0,"5621 E Niagara Dr, Bismarck, ND 58503",5621 E Niagara Dr,Bismarck,ND,58503,46.86623,-100.78018,,False,,,,
455140353,FOR_RENT,Apartment for rent,,850.0,,,,,,,,2.0,1.0,"Lily Pads, 115 1st Ave E #12, Dickinson, ND 58601",115 1st Ave E #12,Dickinson,ND,58601,46.880047,-102.784355,,False,,,,
2063642274,FOR_RENT,Apartment for rent,,650.0,,,,,1581.0,,,1.0,1.0,"802 Main St, Williston, ND 58801",802 Main St,Williston,ND,58801,48.15173,-103.62223,,False,,,,
454787381,FOR_RENT,Townhouse for rent,,2250.0,1851.0,1.0,313700.0,169.0,,,,3.0,2.0,"7220 30th St S #1, Fargo, ND 58104",7220 30th St S #1,Fargo,ND,58104,46.779335,-96.82651,,False,,,,
453271137,FOR_RENT,Apartment for rent,,750.0,920.0,1.0,,,,,,2.0,1.0,"Stratford Apartments, 1408 Oak Manor Ave S UNIT 123, Fargo, ND 58103",1408 Oak Manor Ave S UNIT 123,Fargo,ND,58103,46.844994,-96.80234,,False,,,,
455109314,FOR_RENT,Apartment for rent,,785.0,900.0,1.0,,,,,,2.0,1.0,"Welcome to your new home at 1358 12th St N!, 1358 12th St N #112, Wahpeton, ND 58075",1358 12th St N #112,Wahpeton,ND,58075,46.278225,-96.61716,,False,,,,
454936525,FOR_RENT,Apartment for rent,,750.0,900.0,1.0,,,,,,2.0,1.0,"Welcome to 1205 11th St N in Wahpeton ND!, 1205 11th St N #9, Wahpeton, ND 58075",1205 11th St N #9,Wahpeton,ND,58075,46.275974,-96.6162,,False,,,,
124519388,FOR_RENT,House for rent,,2800.0,1934.0,1.0,344700.0,178.0,2561.0,,,4.0,2.0,"3721 48th St NW, Mandan, ND 58554",3721 48th St NW,Mandan,ND,58554,46.869427,-100.93878,,False,,,,
455175382,FOR_RENT,Apartment for rent,,859.0,,,,,,,,2.0,1.0,"Park Apartments - 502, 502 13th St SE #9, Jamestown, ND 58401",502 13th St SE #9,Jamestown,ND,58401,46.895794,-98.70202,,False,,,,
2078112191,FOR_RENT,Apartment for rent,,825.0,1000.0,1.0,,,981.0,,,2.0,1.0,"815 2nd Ave S, 815 2nd Ave S APT 2, Fargo, ND 58103",815 2nd Ave S APT 2,Fargo,ND,58103,46.872807,-96.79214,,False,,,,
398463819,FOR_RENT,Townhouse for rent,,2745.0,1858.0,1.0,320300.0,172.0,2755.0,,,4.0,3.0,"3925 Scorpio Dr SE, Mandan, ND 58554",3925 Scorpio Dr SE,Mandan,ND,58554,46.800987,-100.84018,,False,,,,
454963828,FOR_RENT,Townhouse for rent,,1295.0,1408.0,1.0,215700.0,153.0,,,,3.0,1.0,"1684 Dickinson Place Dr #11B, Dickinson, ND 58601",1684 Dickinson Place Dr #11B,Dickinson,ND,58601,46.906136,-102.80717,,False,,,,
295385129,FOR_RENT,Apartment for rent,,1800.0,900.0,2.0,,,1368.0,,,1.0,1.0,"200 4th Ave N #105, Fargo, ND 58102",200 4th Ave N #105,Fargo,ND,58102,46.87958,-96.78298,,False,,,,
455250764,FOR_RENT,Apartment for rent,,1195.0,1275.0,1.0,,,,,,3.0,2.0,"Park Apartments - 1401, 1401 5th Ave SE APT 5, Jamestown, ND 58401",1401 5th Ave SE APT 5,Jamestown,ND,58401,46.895138,-98.70184,,False,,,,
338182882,FOR_RENT,Townhouse for rent,,1850.0,1860.0,1.0,,,1821.0,,,3.0,3.0,"109 N 10th St, Grand Forks, ND 58203",109 N 10th St,Grand Forks,ND,58203,47.92042,-97.04078,,False,,,,
453536718,FOR_RENT,Apartment for rent,,1350.0,1200.0,1.0,,,,,,3.0,1.0,"1139-1141 10th Street North - 1139, 1139 10th St N, Fargo, ND 58102",1139 10th St N,Fargo,ND,58102,46.88992,-96.7934,,False,,,,
452975438,FOR_RENT,Townhouse for rent,,2250.0,1852.0,1.0,301800.0,163.0,,,,3.0,2.0,"7251 29th St S #1, Fargo, ND 58104",7251 29th St S #1,Fargo,ND,58104,46.778847,-96.82594,,False,,,,
351059623,FOR_RENT,Apartment for rent,,700.0,,,,,897.0,,,1.0,1.0,"114 9th St S, 114 9th St S #CADEAA29, Fargo, ND 58103",114 9th St S #CADEAA29,Fargo,ND,58103,46.873035,-96.792305,,False,,,,
2096735622,FOR_RENT,Apartment for rent,,835.0,970.0,1.0,,,852.0,,,2.0,1.0,"Amber Park I, 1650 33rd Ave S APT 303, Fargo, ND 58104",1650 33rd Ave S APT 303,Fargo,ND,58104,46.829914,-96.807,,False,,,,
248431062,FOR_RENT,House for rent,,4500.0,3718.0,1.0,780500.0,210.0,4009.0,,,5.0,3.0,"1213 Round Top Rd, Bismarck, ND 58503",1213 Round Top Rd,Bismarck,ND,58503,46.8463,-100.81164,,False,,,,
345110604,FOR_RENT,Townhouse for rent,,1299.0,1275.0,1.0,272300.0,214.0,1428.0,,,3.0,3.0,"1541 Abraham Pkwy #2, Dickinson, ND 58601",1541 Abraham Pkwy #2,Dickinson,ND,58601,46.882492,-102.76145,,False,,,,
78387372,FOR_RENT,House for rent,,2539.0,2032.0,1.0,348200.0,171.0,2435.0,,,4.0,2.0,"926 N Mandan St, Bismarck, ND 58501",926 N Mandan St,Bismarck,ND,58501,46.815197,-100.79247,,False,,,,
2053358697,FOR_RENT,Apartment for rent,,775.0,920.0,1.0,,,790.0,,,2.0,1.0,"Winchester Apartments, 515 30th Ave N UNIT 22, Fargo, ND 58102",515 30th Ave N UNIT 22,Fargo,ND,58102,46.915768,-96.78663,,False,,,,
248430886,FOR_RENT,House for rent,,2295.0,1641.0,1.0,360700.0,220.0,2409.0,,,3.0,3.0,"110 Marshall Loop, Lincoln, ND 58504",110 Marshall Loop,Lincoln,ND,58504,46.76915,-100.69455,,False,,,,
234407032,FOR_RENT,House for rent,,1150.0,,,169400.0,,1074.0,,,2.0,1.0,"46 S Main Ave, Dickinson, ND 58601",46 S Main Ave,Dickinson,ND,58601,46.875263,-102.79015,,False,,,,
439738582,FOR_RENT,House for rent,,1150.0,892.0,1.0,152100.0,171.0,,,,2.0,1.0,"1113 6th Ave E #4, Williston, ND 58801",1113 6th Ave E #4,Williston,ND,58801,48.15476,-103.613914,,False,,,,
2096741160,FOR_RENT,Apartment for rent,,850.0,1000.0,1.0,,,969.0,,,1.0,1.0,"506 1st Avenue NE, 506 1st Ave NE #A, Mandan, ND 58554",506 1st Ave NE #A,Mandan,ND,58554,46.831394,-100.889114,,False,,,,
353209295,FOR_RENT,Apartment for rent,,1575.0,1650.0,1.0,,,1511.0,,,4.0,2.0,"Shakespeare Apartments 3800, 3800 13th Ave N, Grand Forks, ND 58203",3800 13th Ave N #AFE93A72B,Grand Forks,ND,58203,47.931698,-97.085175,,False,,,,
454206033,FOR_RENT,Townhouse for rent,,1400.0,,,265400.0,,,,,2.0,1.0,"3812 Renee Dr #1, Bismarck, ND 58503",3812 Renee Dr #1,Bismarck,ND,58503,46.84689,-100.792656,,False,,,,
78392623,FOR_RENT,Apartment for rent,,950.0,989.0,1.0,119100.0,120.0,1163.0,,,2.0,1.0,"2510 N 8th St, Bismarck, ND 58503",2510 N 8th St,Bismarck,ND,58503,46.834366,-100.7805,,False,,,,
447533832,FOR_RENT,House for rent,,1300.0,900.0,1.0,133600.0,148.0,,,,1.0,1.0,"204 3rd St NW #1/2, Mandan, ND 58554",204 3rd St NW #1/2,Mandan,ND,58554,46.829433,-100.892715,,False,,,,
2084885659,FOR_RENT,Apartment for rent,,1895.0,1790.0,1.0,,,1902.0,,,3.0,2.0,"2580 5th St W APT B, West Fargo, ND 58078",2580 5th St W APT B,West Fargo,ND,58078,46.84109,-96.91066,,False,,,,
2082487984,FOR_RENT,Apartment for rent,,675.0,,,,,839.0,,,1.0,1.0,"523 N 7th St APT 7, Grand Forks, ND 58203",523 N 7th St APT 7,Grand Forks,ND,58203,47.925846,-97.04162,,False,,,,
2053018296,FOR_RENT,Townhouse for rent,,2450.0,1580.0,2.0,253900.0,161.0,2301.0,,,3.0,3.0,"2605 Verity Ln SE UNIT 1, Mandan, ND 58554",2605 Verity Ln SE UNIT 1,Mandan,ND,58554,46.80128,-100.83253,,False,,,,
448812628,FOR_RENT,Apartment for rent,,750.0,500.0,2.0,,,,,,1.0,1.0,"2222 12th Avenue South - 103, 2222 12th Ave S, Fargo, ND 58103",2222 12th Ave S #103,Fargo,ND,58103,46.862663,-96.81609,,False,,,,
450861274,FOR_RENT,Apartment for rent,,1286.0,1300.0,1.0,,,,,,3.0,1.0,"3027 18th St S, Fargo, ND 58103",3027 18th St S,Fargo,ND,58103,46.834682,-96.810875,,False,,,,
118127859,FOR_RENT,House for rent,,1600.0,,,218300.0,,1447.0,,,3.0,2.0,"1002 E Avenue F, Bismarck, ND 58501",1002 E Avenue F,Bismarck,ND,58501,46.81537,-100.77648,,False,,,,
234406126,FOR_RENT,House for rent,,2125.0,1735.0,1.0,292500.0,169.0,1924.0,,,3.0,3.0,"1231 15th St W, Dickinson, ND 58601",1231 15th St W,Dickinson,ND,58601,46.89808,-102.8028,,False,,,,
454855670,FOR_RENT,Apartment for rent,,765.0,,,,,,,,1.0,1.0,"The Bank Building-104 Main St E, 104 E Main St #2, Valley City, ND 58072",104 E Main St #2,Valley City,ND,58072,46.923363,-98.00295,,False,,,,
2055434750,FOR_RENT,Apartment for rent,,859.0,800.0,1.0,,,799.0,,,2.0,1.0,"802 Townhomes, 802 8th St N #802, Wahpeton, ND 58075",802 8th St N #802,Wahpeton,ND,58075,46.27177,-96.61088,,False,,,,
2054784128,FOR_RENT,Apartment for rent,,800.0,,,,,742.0,,,2.0,1.0,"Nokota-1821, 1821 13 1/2 St S UNIT 4, Fargo, ND 58103",1821 13 1/2 St S UNIT 4,Fargo,ND,58103,46.855877,-96.822464,,False,,,,
452812126,FOR_RENT,Apartment for rent,,1495.0,,,,,,,,6.0,2.0,"2016 Dyke Ave, 2016 Dyke Ave #DYKE1, Grand Forks, ND 58203",2016 Dyke Ave #DYKE1,Grand Forks,ND,58203,47.919407,-97.05609,,False,,,,
234826465,FOR_RENT,House for rent,,1495.0,2092.0,1.0,149200.0,71.0,1652.0,6534.0,sqft,3.0,3.0,"732 N 5th St, Grand Forks, ND 58203",732 N 5th St,Grand Forks,ND,58203,47.929455,-97.04199,,False,,,,
2068612483,FOR_RENT,Apartment for rent,,700.0,,,,,731.0,,,2.0,1.0,"180 1st St #202, Davenport, ND 58021",180 1st St #202,Davenport,ND,58021,46.71295,-97.06928,,False,,,,
2099179792,FOR_RENT,Apartment for rent,,687.0,,,,,763.0,,,1.0,1.0,"408 2nd Avenue Northeast, 408 2nd Ave NE APT 4, Mandan, ND 58554",408 2nd Ave NE APT 4,Mandan,ND,58554,46.83071,-100.887375,,False,,,,
444377367,FOR_RENT,Apartment for rent,,1236.0,969.0,1.0,,,,,,3.0,2.0,"1317 1st Ave N UNIT 2, Fargo, ND 58102",1317 1st Ave N UNIT 2,Fargo,ND,58102,46.87771,-96.79989,,False,,,,
2082043886,FOR_RENT,Apartment for rent,,750.0,725.0,1.0,,,729.0,,,1.0,1.0,"Oakland, 2211 17th St S APT 14, Fargo, ND 58103",2211 17th St S APT 14,Fargo,ND,58103,46.845642,-96.80887,,False,,,,
452269428,FOR_RENT,Apartment for rent,,700.0,585.0,1.0,,,,,,1.0,1.0,"Many Rooms 1218, 1218 N 39th St #2, Grand Forks, ND 58203",1218 N 39th St #2,Grand Forks,ND,58203,47.930702,-97.08641,,False,,,,
2063414285,FOR_RENT,House for rent,,4537.0,3860.0,1.0,712300.0,185.0,4331.0,,,4.0,4.0,"527 Flint Dr, Bismarck, ND 58503",527 Flint Dr,Bismarck,ND,58503,46.863667,-100.785065,,False,,,,
2079779547,FOR_RENT,Apartment for rent,,650.0,700.0,1.0,,,770.0,,,2.0,1.0,"Western Road Apartments, 909 & 911 Western Rd #90911, Wahpeton, ND 58075",909 & 911 Western Rd #90911,Wahpeton,ND,58075,46.27058,-96.62405,,False,,,,
451073825,FOR_RENT,Apartment for rent,,995.0,1300.0,1.0,,,,,,3.0,2.0,"Northwest Apartments 3553, 3553 13th Ave N, Grand Forks, ND 58203",3553 13th Ave N #28D2CAB21,Grand Forks,ND,58203,47.931057,-97.079094,,False,,,,
2055981747,FOR_RENT,Apartment for rent,,695.0,,,,,786.0,,,1.0,1.0,"1111 9th Ave N, 1111 9th Ave N #2, Fargo, ND 58102",1111 9th Ave N #2,Fargo,ND,58102,46.88614,-96.796,,False,,,,
2053980114,FOR_RENT,Apartment for rent,,695.0,,,,,871.0,,,2.0,1.0,"Melony Ann Apartments, 1102 Westrac Dr S #307, Fargo, ND 58103",1102 Westrac Dr S #307,Fargo,ND,58103,46.864754,-96.8309,,False,,,,
2091910097,FOR_RENT,Apartment for rent,,850.0,1345.0,1.0,,,914.0,,,2.0,1.0,"FRH - 1125 17th St N, 1125 17th St N APT 2, Fargo, ND 58102",1125 17th St N APT 2,Fargo,ND,58102,46.889614,-96.80723,,False,,,,
455297248,FOR_RENT,Apartment for rent,,900.0,,,,,,,,1.0,1.0,"The Argyle, 323 Demers Ave #505, Grand Forks, ND 58201",323 Demers Ave #505,Grand Forks,ND,58201,47.92447,-97.03105,,False,,,,
448342180,FOR_RENT,Apartment for rent,,975.0,850.0,1.0,,,,,,2.0,1.0,"Casselton East Apartments, 41 8th Ave N #14, Casselton, ND 58012",41 8th Ave N #14,Casselton,ND,58012,46.90119,-97.209175,,False,,,,
448349546,FOR_RENT,Townhouse for rent,,1400.0,2201.0,1.0,196000.0,89.0,,,,3.0,1.0,"713 12th Ave N #1, Fargo, ND 58102",713 12th Ave N #1,Fargo,ND,58102,46.890675,-96.78998,,False,,,,
349630430,FOR_RENT,Apartment for rent,,1105.0,1095.0,1.0,,,1291.0,,,3.0,2.0,"18 6th St SE, 18 6th St SE #1, Minot, ND 58701",18 6th St SE #1,Minot,ND,58701,48.235645,-101.28453,,False,,,,
66542328,FOR_RENT,Apartment for rent,,950.0,900.0,1.0,268700.0,299.0,896.0,,,2.0,1.0,"1346 17th St S, Fargo, ND 58103",1346 17th St S,Fargo,ND,58103,46.85988,-96.80858,,False,,,,
2087856398,FOR_RENT,Apartment for rent,,850.0,600.0,1.0,,,695.0,,,1.0,1.0,"611 9th Ave N, 611 9th Ave N APT 1, Fargo, ND 58102",611 9th Ave N APT 1,Fargo,ND,58102,46.88613,-96.78864,,False,,,,
352189295,FOR_RENT,House for rent,,2200.0,1852.0,1.0,303300.0,164.0,2164.0,,,3.0,2.0,"236 Divide Dr, Horace, ND 58047",236 Divide Dr,Horace,ND,58047,46.75919,-96.891365,,False,,,,
348945654,FOR_RENT,Apartment for rent,,825.0,600.0,1.0,,,1014.0,,,1.0,1.0,"107 Roberts, 107 Roberts St N #401, Fargo, ND 58102",107 Roberts St N #401,Fargo,ND,58102,46.877285,-96.789375,,False,,,,
443524115,FOR_RENT,Apartment for rent,,800.0,700.0,1.0,,,,,,2.0,1.0,"509 5th Ave NE, 509 5th Ave NE, Hazen, ND 58545",509 5th Ave NE #11196541,Hazen,ND,58545,47.297752,-101.61615,,False,,,,
446887753,FOR_RENT,Apartment for rent,,1395.0,,,,,,,,4.0,1.0,"Old JCPenney Bldg Apartments, 28 S 3rd St #8, Grand Forks, ND 58201",28 S 3rd St #8,Grand Forks,ND,58201,47.92432,-97.02955,,False,,,,
447924859,FOR_RENT,Townhouse for rent,,995.0,,,176300.0,,,,,2.0,1.0,"727 14th St N #1, Fargo, ND 58102",727 14th St N #1,Fargo,ND,58102,46.884266,-96.8009,,False,,,,
440021585,FOR_RENT,Apartment for rent,,1400.0,,,,,,,,,1.0,"55 Wentworth Street South- L8N 2Y5, 55 Wentworth St, Pingree, ND 58476",55 Wentworth St #11027167,Pingree,ND,58476,47.161938,-98.91113,,False,,,,
448247931,FOR_RENT,Apartment for rent,,950.0,502.0,2.0,,,,,,,1.0,"Farmhouse/Rockford Apartments, 1126 College St N #103, Fargo, ND 58102",1126 College St N #103,Fargo,ND,58102,46.88966,-96.800026,,False,,,,
373366734,FOR_RENT,Townhouse for rent,,1950.0,1370.0,1.0,218800.0,160.0,1439.0,,,2.0,2.0,"6148-6198 22nd St S #1887-1891, Fargo, ND 58104",6148-6198 22nd St S #1887-1891,Fargo,ND,58104,46.82806,-96.81609,,False,,,,
2099641845,FOR_RENT,House for rent,,1100.0,1528.0,1.0,174700.0,114.0,1326.0,,,4.0,3.0,"222 Chelsey Dr, Glenburn, ND 58740",222 Chelsey Dr,Glenburn,ND,58740,48.507767,-101.21889,,False,,,,
2086567514,FOR_RENT,Apartment for rent,,450.0,400.0,1.0,,,622.0,,,,1.0,"811 2nd Ave S, 811 2nd Ave S APT 9, Fargo, ND 58103",811 2nd Ave S APT 9,Fargo,ND,58103,46.872776,-96.79188,,False,,,,
